0	0	9.484
0.2	0	9.404
0.4	0	9.477
0.6	0	9.335
0.8	0	8.94
1	0	8.905
1.2	0	9.029
1.4	0	9.047
1.6	0	9.093
1.8	0	8.993
2	0	9.083
2.2	0	9.068
2.4	0	9.054
2.6	0	9.173
2.8	0	9.074
3	0	8.821
3.2	0	8.731
3.4	0	8.486
3.6	0	8.594
3.8	0	8.555
4	0	8.587
4.2	0	8.322
4.4	0	8.246
4.6	0	7.966
4.8	0	7.857
5	0	7.811
5.2	0	7.777
5.4	0	7.549
5.6	0	7.254
5.8	0	6.949
6	0	6.837
6.2	0	6.44
6.4	0	6.237
6.6	0	5.971
6.8	0	5.813
7	0	5.617
7.2	0	5.366
7.4	0	5.22
7.6	0	5.114
7.8	0	5.027
8	0	4.721
8.2	0	4.343
8.4	0	3.907
8.6	0	3.68
8.8	0	3.37
9	0	3.024
9.2	0	2.676
9.4	0	2.243
9.6	0	1.996
9.8	0	1.773
10	0	1.667
10.2	0	1.531
10.4	0	1.122
10.6	0	1
10.8	0	1
11	0	1
11.2	0	1
11.4	0	1
11.6	0	1
11.8	0	1
12	0	1
12.2	0	1
12.4	0	1
12.6	0	1.073
12.8	0	1.189
13	0	1.251
13.2	0	1.217
13.4	0	1.304
13.6	0	1.514
13.8	0	1.473
14	0	1.32
14.2	0	1.185
14.4	0	1.061
14.6	0	1.115
14.8	0	1.111
15	0	1.201
15.2	0	1.117
15.4	0	1.123
15.6	0	1.125
15.8	0	1.069
16	0	1.193
16.2	0	1.139
16.4	0	1.101
16.6	0	1
16.8	0	1
17	0	1
17.2	0	1
17.4	0	1
17.6	0	1
17.8	0	1
18	0	1
18.2	0	1
18.4	0	1
18.6	0	1
18.8	0	1
19	0	1
19.2	0	1
19.4	0	1
19.6	0	1.024
19.8	0	1
20	0	1.045
0	0.2	9.647
0.2	0.2	9.511
0.4	0.2	9.481
0.6	0.2	9.178
0.8	0.2	9.107
1	0.2	9.003
1.2	0.2	9.064
1.4	0.2	9.158
1.6	0.2	8.906
1.8	0.2	9.015
2	0.2	8.981
2.2	0.2	8.966
2.4	0.2	8.972
2.6	0.2	9.108
2.8	0.2	8.967
3	0.2	8.858
3.2	0.2	8.682
3.4	0.2	8.723
3.6	0.2	8.563
3.8	0.2	8.502
4	0.2	8.567
4.2	0.2	8.297
4.4	0.2	8.17
4.6	0.2	8.011
4.8	0.2	7.931
5	0.2	7.966
5.2	0.2	7.61
5.4	0.2	7.414
5.6	0.2	7.115
5.8	0.2	6.916
6	0.2	6.641
6.2	0.2	6.605
6.4	0.2	6.286
6.6	0.2	5.886
6.8	0.2	5.638
7	0.2	5.545
7.2	0.2	5.48
7.4	0.2	5.488
7.6	0.2	5.413
7.8	0.2	4.964
8	0.2	4.538
8.2	0.2	4.137
8.4	0.2	4.052
8.6	0.2	3.685
8.8	0.2	3.374
9	0.2	2.941
9.2	0.2	2.545
9.4	0.2	2.28
9.6	0.2	1.963
9.8	0.2	1.775
10	0.2	1.54
10.2	0.2	1.268
10.4	0.2	1.099
10.6	0.2	1
10.8	0.2	1
11	0.2	1
11.2	0.2	1
11.4	0.2	1
11.6	0.2	1
11.8	0.2	1
12	0.2	1
12.2	0.2	1
12.4	0.2	1
12.6	0.2	1.056
12.8	0.2	1
13	0.2	1.199
13.2	0.2	1.277
13.4	0.2	1.389
13.6	0.2	1.513
13.8	0.2	1.469
14	0.2	1.452
14.2	0.2	1.238
14.4	0.2	1.081
14.6	0.2	1.058
14.8	0.2	1.188
15	0.2	1.286
15.2	0.2	1.112
15.4	0.2	1.031
15.6	0.2	1.066
15.8	0.2	1.221
16	0.2	1.215
16.2	0.2	1.168
16.4	0.2	1.182
16.6	0.2	1
16.8	0.2	1
17	0.2	1
17.2	0.2	1
17.4	0.2	1
17.6	0.2	1
17.8	0.2	1
18	0.2	1
18.2	0.2	1
18.4	0.2	1
18.6	0.2	1
18.8	0.2	1
19	0.2	1.069
19.2	0.2	1
19.4	0.2	1.021
19.6	0.2	1.066
19.8	0.2	1.143
20	0.2	1.201
0	0.4	9.595
0.2	0.4	9.591
0.4	0.4	9.239
0.6	0.4	9.261
0.8	0.4	9.121
1	0.4	9.068
1.2	0.4	9.07
1.4	0.4	9.042
1.6	0.4	9.046
1.8	0.4	8.813
2	0.4	8.954
2.2	0.4	9.004
2.4	0.4	9.083
2.6	0.4	9.159
2.8	0.4	8.998
3	0.4	8.913
3.2	0.4	8.692
3.4	0.4	8.608
3.6	0.4	8.621
3.8	0.4	8.599
4	0.4	8.485
4.2	0.4	8.101
4.4	0.4	8.018
4.6	0.4	7.958
4.8	0.4	8.104
5	0.4	7.961
5.2	0.4	7.561
5.4	0.4	7.375
5.6	0.4	7.064
5.8	0.4	6.958
6	0.4	6.854
6.2	0.4	6.689
6.4	0.4	6.225
6.6	0.4	5.905
6.8	0.4	5.527
7	0.4	5.531
7.2	0.4	5.364
7.4	0.4	5.286
7.6	0.4	5.055
7.8	0.4	4.85
8	0.4	4.444
8.2	0.4	4.225
8.4	0.4	4.275
8.6	0.4	3.701
8.8	0.4	3.319
9	0.4	3.098
9.2	0.4	2.76
9.4	0.4	2.115
9.6	0.4	1.956
9.8	0.4	1.819
10	0.4	1.701
10.2	0.4	1.22
10.4	0.4	1.031
10.6	0.4	1
10.8	0.4	1
11	0.4	1
11.2	0.4	1
11.4	0.4	1
11.6	0.4	1
11.8	0.4	1
12	0.4	1
12.2	0.4	1
12.4	0.4	1
12.6	0.4	1.001
12.8	0.4	1
13	0.4	1.123
13.2	0.4	1.281
13.4	0.4	1.454
13.6	0.4	1.484
13.8	0.4	1.532
14	0.4	1.39
14.2	0.4	1.468
14.4	0.4	1.385
14.6	0.4	1.282
14.8	0.4	1.156
15	0.4	1.043
15.2	0.4	1.13
15.4	0.4	1.018
15.6	0.4	1.088
15.8	0.4	1.011
16	0.4	1.282
16.2	0.4	1.201
16.4	0.4	1
16.6	0.4	1
16.8	0.4	1
17	0.4	1
17.2	0.4	1
17.4	0.4	1
17.6	0.4	1
17.8	0.4	1
18	0.4	1
18.2	0.4	1
18.4	0.4	1
18.6	0.4	1
18.8	0.4	1
19	0.4	1
19.2	0.4	1
19.4	0.4	1.119
19.6	0.4	1.296
19.8	0.4	1.026
20	0.4	1.138
0	0.6	9.553
0.2	0.6	9.5
0.4	0.6	9.307
0.6	0.6	9.285
0.8	0.6	9.381
1	0.6	9.285
1.2	0.6	9.287
1.4	0.6	9.111
1.6	0.6	8.947
1.8	0.6	9.038
2	0.6	9.009
2.2	0.6	9.132
2.4	0.6	9.067
2.6	0.6	9.025
2.8	0.6	8.847
3	0.6	8.889
3.2	0.6	8.674
3.4	0.6	8.803
3.6	0.6	8.654
3.8	0.6	8.642
4	0.6	8.444
4.2	0.6	8.274
4.4	0.6	8.055
4.6	0.6	7.813
4.8	0.6	7.861
5	0.6	7.631
5.2	0.6	7.49
5.4	0.6	7.467
5.6	0.6	7.252
5.8	0.6	7.009
6	0.6	6.788
6.2	0.6	6.582
6.4	0.6	6.138
6.6	0.6	5.872
6.8	0.6	5.737
7	0.6	5.672
7.2	0.6	5.504
7.4	0.6	5.09
7.6	0.6	5.056
7.8	0.6	4.791
8	0.6	4.61
8.2	0.6	4.519
8.4	0.6	3.987
8.6	0.6	3.761
8.8	0.6	3.417
9	0.6	2.792
9.2	0.6	2.657
9.4	0.6	2.284
9.6	0.6	2.083
9.8	0.6	1.713
10	0.6	1.537
10.2	0.6	1.285
10.4	0.6	1.019
10.6	0.6	1
10.8	0.6	1
11	0.6	1
11.2	0.6	1
11.4	0.6	1
11.6	0.6	1
11.8	0.6	1
12	0.6	1
12.2	0.6	1
12.4	0.6	1
12.6	0.6	1
12.8	0.6	1
13	0.6	1.119
13.2	0.6	1.382
13.4	0.6	1.473
13.6	0.6	1.622
13.8	0.6	1.534
14	0.6	1.462
14.2	0.6	1.404
14.4	0.6	1.538
14.6	0.6	1.3
14.8	0.6	1.057
15	0.6	1.21
15.2	0.6	1
15.4	0.6	1.003
15.6	0.6	1.185
15.8	0.6	1.038
16	0.6	1.075
16.2	0.6	1
16.4	0.6	1
16.6	0.6	1
16.8	0.6	1
17	0.6	1
17.2	0.6	1
17.4	0.6	1
17.6	0.6	1
17.8	0.6	1
18	0.6	1
18.2	0.6	1
18.4	0.6	1
18.6	0.6	1
18.8	0.6	1
19	0.6	1
19.2	0.6	1
19.4	0.6	1.151
19.6	0.6	1.217
19.8	0.6	1.207
20	0.6	1.009
0	0.8	9.569
0.2	0.8	9.442
0.4	0.8	9.398
0.6	0.8	9.453
0.8	0.8	9.2
1	0.8	9.168
1.2	0.8	9
1.4	0.8	8.777
1.6	0.8	8.832
1.8	0.8	8.977
2	0.8	8.979
2.2	0.8	9.072
2.4	0.8	9.118
2.6	0.8	9.057
2.8	0.8	8.875
3	0.8	8.965
3.2	0.8	8.856
3.4	0.8	8.728
3.6	0.8	8.62
3.8	0.8	8.392
4	0.8	8.25
4.2	0.8	8.082
4.4	0.8	8.065
4.6	0.8	8.051
4.8	0.8	7.671
5	0.8	7.639
5.2	0.8	7.358
5.4	0.8	7.362
5.6	0.8	7.222
5.8	0.8	6.949
6	0.8	6.93
6.2	0.8	6.479
6.4	0.8	6.148
6.6	0.8	5.84
6.8	0.8	5.694
7	0.8	5.631
7.2	0.8	5.396
7.4	0.8	5.2
7.6	0.8	4.96
7.8	0.8	4.843
8	0.8	4.562
8.2	0.8	4.301
8.4	0.8	4.235
8.6	0.8	3.738
8.8	0.8	3.413
9	0.8	2.947
9.2	0.8	2.576
9.4	0.8	2.334
9.6	0.8	2.172
9.8	0.8	1.858
10	0.8	1.381
10.2	0.8	1.147
10.4	0.8	1.077
10.6	0.8	1
10.8	0.8	1
11	0.8	1
11.2	0.8	1
11.4	0.8	1
11.6	0.8	1
11.8	0.8	1
12	0.8	1
12.2	0.8	1
12.4	0.8	1
12.6	0.8	1
12.8	0.8	1.011
13	0.8	1.053
13.2	0.8	1.356
13.4	0.8	1.406
13.6	0.8	1.43
13.8	0.8	1.442
14	0.8	1.471
14.2	0.8	1.412
14.4	0.8	1.513
14.6	0.8	1.247
14.8	0.8	1.184
15	0.8	1.246
15.2	0.8	1
15.4	0.8	1.139
15.6	0.8	1.113
15.8	0.8	1.189
16	0.8	1.099
16.2	0.8	1.015
16.4	0.8	1
16.6	0.8	1.004
16.8	0.8	1
17	0.8	1
17.2	0.8	1
17.4	0.8	1
17.6	0.8	1
17.8	0.8	1
18	0.8	1
18.2	0.8	1
18.4	0.8	1
18.6	0.8	1
18.8	0.8	1
19	0.8	1
19.2	0.8	1.223
19.4	0.8	1.283
19.6	0.8	1.142
19.8	0.8	1
20	0.8	1
0	1	9.412
0.2	1	9.635
0.4	1	9.489
0.6	1	9.418
0.8	1	9.444
1	1	9.136
1.2	1	9.051
1.4	1	8.945
1.6	1	8.898
1.8	1	9.018
2	1	9.036
2.2	1	9.059
2.4	1	8.895
2.6	1	8.973
2.8	1	9.03
3	1	8.849
3.2	1	8.844
3.4	1	8.921
3.6	1	8.631
3.8	1	8.61
4	1	8.263
4.2	1	8.239
4.4	1	8.004
4.6	1	7.866
4.8	1	7.788
5	1	7.462
5.2	1	7.305
5.4	1	7.287
5.6	1	7.283
5.8	1	6.95
6	1	6.845
6.2	1	6.421
6.4	1	6.263
6.6	1	5.762
6.8	1	5.712
7	1	5.437
7.2	1	5.253
7.4	1	5.078
7.6	1	4.836
7.8	1	4.694
8	1	4.582
8.2	1	4.419
8.4	1	4.012
8.6	1	3.753
8.8	1	3.35
9	1	2.982
9.2	1	2.693
9.4	1	2.358
9.6	1	2.14
9.8	1	1.602
10	1	1.281
10.2	1	1.053
10.4	1	1
10.6	1	1
10.8	1	1
11	1	1
11.2	1	1
11.4	1	1
11.6	1	1
11.8	1	1
12	1	1
12.2	1	1
12.4	1	1
12.6	1	1
12.8	1	1
13	1	1.034
13.2	1	1.294
13.4	1	1.385
13.6	1	1.311
13.8	1	1.431
14	1	1.358
14.2	1	1.618
14.4	1	1.561
14.6	1	1.297
14.8	1	1.172
15	1	1
15.2	1	1
15.4	1	1.039
15.6	1	1.013
15.8	1	1.134
16	1	1.179
16.2	1	1
16.4	1	1
16.6	1	1.055
16.8	1	1.135
17	1	1
17.2	1	1
17.4	1	1
17.6	1	1
17.8	1	1
18	1	1
18.2	1	1
18.4	1	1
18.6	1	1
18.8	1	1
19	1	1.041
19.2	1	1.11
19.4	1	1.314
19.6	1	1.116
19.8	1	1.04
20	1	1.107
0	1.2	9.457
0.2	1.2	9.485
0.4	1.2	9.376
0.6	1.2	9.555
0.8	1.2	9.324
1	1.2	9.241
1.2	1.2	8.931
1.4	1.2	8.988
1.6	1.2	8.887
1.8	1.2	8.879
2	1.2	9.033
2.2	1.2	8.945
2.4	1.2	8.831
2.6	1.2	9.006
2.8	1.2	8.915
3	1.2	8.994
3.2	1.2	8.966
3.4	1.2	8.754
3.6	1.2	8.674
3.8	1.2	8.487
4	1.2	8.279
4.2	1.2	8.243
4.4	1.2	7.868
4.6	1.2	7.545
4.8	1.2	7.664
5	1.2	7.605
5.2	1.2	7.316
5.4	1.2	7.162
5.6	1.2	7.191
5.8	1.2	6.979
6	1.2	6.694
6.2	1.2	6.329
6.4	1.2	6.229
6.6	1.2	6.027
6.8	1.2	5.648
7	1.2	5.552
7.2	1.2	5.365
7.4	1.2	4.969
7.6	1.2	4.772
7.8	1.2	4.688
8	1.2	4.615
8.2	1.2	4.193
8.4	1.2	4.012
8.6	1.2	3.603
8.8	1.2	3.45
9	1.2	2.991
9.2	1.2	2.826
9.4	1.2	2.234
9.6	1.2	1.959
9.8	1.2	1.567
10	1.2	1.21
10.2	1.2	1.141
10.4	1.2	1.109
10.6	1.2	1
10.8	1.2	1
11	1.2	1
11.2	1.2	1
11.4	1.2	1
11.6	1.2	1
11.8	1.2	1
12	1.2	1
12.2	1.2	1
12.4	1.2	1
12.6	1.2	1
12.8	1.2	1.046
13	1.2	1.158
13.2	1.2	1.168
13.4	1.2	1.167
13.6	1.2	1.401
13.8	1.2	1.462
14	1.2	1.72
14.2	1.2	1.579
14.4	1.2	1.477
14.6	1.2	1.262
14.8	1.2	1.189
15	1.2	1.106
15.2	1.2	1.163
15.4	1.2	1.037
15.6	1.2	1.016
15.8	1.2	1
16	1.2	1.016
16.2	1.2	1.102
16.4	1.2	1.016
16.6	1.2	1.051
16.8	1.2	1.041
17	1.2	1
17.2	1.2	1
17.4	1.2	1
17.6	1.2	1
17.8	1.2	1
18	1.2	1
18.2	1.2	1
18.4	1.2	1
18.6	1.2	1
18.8	1.2	1
19	1.2	1.019
19.2	1.2	1.076
19.4	1.2	1.168
19.6	1.2	1.212
19.8	1.2	1.024
20	1.2	1.057
0	1.4	9.411
0.2	1.4	9.46
0.4	1.4	9.601
0.6	1.4	9.511
0.8	1.4	9.423
1	1.4	9.101
1.2	1.4	9.051
1.4	1.4	8.987
1.6	1.4	8.902
1.8	1.4	8.85
2	1.4	8.964
2.2	1.4	8.817
2.4	1.4	8.763
2.6	1.4	8.91
2.8	1.4	9.096
3	1.4	8.842
3.2	1.4	8.817
3.4	1.4	8.714
3.6	1.4	8.778
3.8	1.4	8.575
4	1.4	8.398
4.2	1.4	8.028
4.4	1.4	7.778
4.6	1.4	7.651
4.8	1.4	7.435
5	1.4	7.392
5.2	1.4	7.313
5.4	1.4	7.301
5.6	1.4	7.144
5.8	1.4	6.955
6	1.4	6.694
6.2	1.4	6.271
6.4	1.4	6.026
6.6	1.4	6.071
6.8	1.4	5.806
7	1.4	5.303
7.2	1.4	4.939
7.4	1.4	4.892
7.6	1.4	4.842
7.8	1.4	4.805
8	1.4	4.525
8.2	1.4	4.184
8.4	1.4	3.826
8.6	1.4	3.6
8.8	1.4	3.308
9	1.4	2.969
9.2	1.4	2.861
9.4	1.4	2.417
9.6	1.4	1.941
9.8	1.4	1.44
10	1.4	1.364
10.2	1.4	1.199
10.4	1.4	1.024
10.6	1.4	1
10.8	1.4	1
11	1.4	1
11.2	1.4	1
11.4	1.4	1
11.6	1.4	1
11.8	1.4	1
12	1.4	1
12.2	1.4	1
12.4	1.4	1
12.6	1.4	1.007
12.8	1.4	1.105
13	1.4	1.1
13.2	1.4	1.236
13.4	1.4	1.196
13.6	1.4	1.334
13.8	1.4	1.377
14	1.4	1.587
14.2	1.4	1.533
14.4	1.4	1.293
14.6	1.4	1.238
14.8	1.4	1.137
15	1.4	1.256
15.2	1.4	1.174
15.4	1.4	1.057
15.6	1.4	1
15.8	1.4	1
16	1.4	1
16.2	1.4	1
16.4	1.4	1.082
16.6	1.4	1.035
16.8	1.4	1
17	1.4	1
17.2	1.4	1
17.4	1.4	1
17.6	1.4	1
17.8	1.4	1
18	1.4	1
18.2	1.4	1
18.4	1.4	1
18.6	1.4	1
18.8	1.4	1
19	1.4	1.074
19.2	1.4	1.148
19.4	1.4	1.22
19.6	1.4	1.202
19.8	1.4	1.14
20	1.4	1.108
0	1.6	9.339
0.2	1.6	9.516
0.4	1.6	9.527
0.6	1.6	9.418
0.8	1.6	9.332
1	1.6	9.132
1.2	1.6	9.046
1.4	1.6	9.09
1.6	1.6	8.988
1.8	1.6	8.95
2	1.6	8.854
2.2	1.6	8.704
2.4	1.6	8.814
2.6	1.6	9.078
2.8	1.6	8.945
3	1.6	8.846
3.2	1.6	8.761
3.4	1.6	8.798
3.6	1.6	8.736
3.8	1.6	8.566
4	1.6	8.439
4.2	1.6	7.848
4.4	1.6	7.791
4.6	1.6	7.632
4.8	1.6	7.274
5	1.6	7.287
5.2	1.6	7.227
5.4	1.6	7.117
5.6	1.6	6.977
5.8	1.6	6.892
6	1.6	6.722
6.2	1.6	6.376
6.4	1.6	6.365
6.6	1.6	5.951
6.8	1.6	5.75
7	1.6	5.26
7.2	1.6	5.014
7.4	1.6	4.87
7.6	1.6	4.981
7.8	1.6	4.646
8	1.6	4.295
8.2	1.6	4.155
8.4	1.6	3.787
8.6	1.6	3.552
8.8	1.6	3.433
9	1.6	3.06
9.2	1.6	2.679
9.4	1.6	2.214
9.6	1.6	1.845
9.8	1.6	1.565
10	1.6	1.176
10.2	1.6	1.2
10.4	1.6	1
10.6	1.6	1
10.8	1.6	1
11	1.6	1
11.2	1.6	1
11.4	1.6	1.076
11.6	1.6	1
11.8	1.6	1
12	1.6	1
12.2	1.6	1
12.4	1.6	1
12.6	1.6	1
12.8	1.6	1.028
13	1.6	1
13.2	1.6	1
13.4	1.6	1
13.6	1.6	1.324
13.8	1.6	1.461
14	1.6	1.523
14.2	1.6	1.464
14.4	1.6	1.361
14.6	1.6	1.316
14.8	1.6	1.105
15	1.6	1.074
15.2	1.6	1.018
15.4	1.6	1.02
15.6	1.6	1
15.8	1.6	1
16	1.6	1
16.2	1.6	1
16.4	1.6	1.037
16.6	1.6	1.019
16.8	1.6	1
17	1.6	1
17.2	1.6	1
17.4	1.6	1
17.6	1.6	1
17.8	1.6	1
18	1.6	1
18.2	1.6	1
18.4	1.6	1
18.6	1.6	1
18.8	1.6	1
19	1.6	1.14
19.2	1.6	1.002
19.4	1.6	1.241
19.6	1.6	1.118
19.8	1.6	1.118
20	1.6	1.272
0	1.8	9.283
0.2	1.8	9.425
0.4	1.8	9.517
0.6	1.8	9.434
0.8	1.8	9.223
1	1.8	9.276
1.2	1.8	9.253
1.4	1.8	9.223
1.6	1.8	9.043
1.8	1.8	8.974
2	1.8	8.625
2.2	1.8	8.763
2.4	1.8	8.819
2.6	1.8	9.004
2.8	1.8	8.983
3	1.8	8.963
3.2	1.8	9.045
3.4	1.8	8.832
3.6	1.8	8.844
3.8	1.8	8.569
4	1.8	8.312
4.2	1.8	7.972
4.4	1.8	7.691
4.6	1.8	7.529
4.8	1.8	7.463
5	1.8	7.308
5.2	1.8	7.251
5.4	1.8	6.961
5.6	1.8	6.853
5.8	1.8	6.76
6	1.8	6.615
6.2	1.8	6.416
6.4	1.8	6.247
6.6	1.8	5.895
6.8	1.8	5.587
7	1.8	5.196
7.2	1.8	4.924
7.4	1.8	4.831
7.6	1.8	4.417
7.8	1.8	4.473
8	1.8	3.899
8.2	1.8	3.815
8.4	1.8	3.8
8.6	1.8	3.629
8.8	1.8	3.265
9	1.8	2.958
9.2	1.8	2.7
9.4	1.8	2.131
9.6	1.8	2.008
9.8	1.8	1.576
10	1.8	1.388
10.2	1.8	1.238
10.4	1.8	1
10.6	1.8	1
10.8	1.8	1
11	1.8	1
11.2	1.8	1
11.4	1.8	1.018
11.6	1.8	1
11.8	1.8	1
12	1.8	1
12.2	1.8	1
12.4	1.8	1
12.6	1.8	1
12.8	1.8	1
13	1.8	1
13.2	1.8	1
13.4	1.8	1.232
13.6	1.8	1.297
13.8	1.8	1.338
14	1.8	1.494
14.2	1.8	1.424
14.4	1.8	1.188
14.6	1.8	1.291
14.8	1.8	1.311
15	1.8	1.223
15.2	1.8	1.12
15.4	1.8	1
15.6	1.8	1
15.8	1.8	1
16	1.8	1
16.2	1.8	1.125
16.4	1.8	1.187
16.6	1.8	1.153
16.8	1.8	1.043
17	1.8	1
17.2	1.8	1
17.4	1.8	1
17.6	1.8	1
17.8	1.8	1
18	1.8	1
18.2	1.8	1
18.4	1.8	1
18.6	1.8	1
18.8	1.8	1
19	1.8	1
19.2	1.8	1.018
19.4	1.8	1.124
19.6	1.8	1.157
19.8	1.8	1.341
20	1.8	1.314
0	2	9.253
0.2	2	9.536
0.4	2	9.35
0.6	2	9.185
0.8	2	9.183
1	2	9.166
1.2	2	9.216
1.4	2	9.088
1.6	2	8.925
1.8	2	8.859
2	2	8.788
2.2	2	8.845
2.4	2	8.958
2.6	2	9.04
2.8	2	8.814
3	2	8.907
3.2	2	8.738
3.4	2	8.936
3.6	2	8.813
3.8	2	8.646
4	2	8.324
4.2	2	7.888
4.4	2	7.541
4.6	2	7.443
4.8	2	7.267
5	2	7.216
5.2	2	7.152
5.4	2	6.848
5.6	2	6.796
5.8	2	6.674
6	2	6.445
6.2	2	6.437
6.4	2	6.142
6.6	2	5.74
6.8	2	5.322
7	2	5.043
7.2	2	4.876
7.4	2	4.786
7.6	2	4.451
7.8	2	4.308
8	2	3.935
8.2	2	3.842
8.4	2	3.737
8.6	2	3.764
8.8	2	3.194
9	2	3.051
9.2	2	2.537
9.4	2	2.195
9.6	2	1.883
9.8	2	1.656
10	2	1.333
10.2	2	1.156
10.4	2	1
10.6	2	1
10.8	2	1
11	2	1
11.2	2	1
11.4	2	1.066
11.6	2	1.079
11.8	2	1
12	2	1
12.2	2	1
12.4	2	1
12.6	2	1
12.8	2	1
13	2	1
13.2	2	1.071
13.4	2	1.372
13.6	2	1.258
13.8	2	1.488
14	2	1.377
14.2	2	1.308
14.4	2	1.346
14.6	2	1.325
14.8	2	1.297
15	2	1.142
15.2	2	1
15.4	2	1
15.6	2	1
15.8	2	1
16	2	1
16.2	2	1.027
16.4	2	1.067
16.6	2	1
16.8	2	1
17	2	1.092
17.2	2	1.135
17.4	2	1
17.6	2	1
17.8	2	1
18	2	1
18.2	2	1
18.4	2	1
18.6	2	1
18.8	2	1
19	2	1
19.2	2	1
19.4	2	1.035
19.6	2	1.345
19.8	2	1.372
20	2	1.375
0	2.2	9.269
0.2	2.2	9.221
0.4	2.2	9.267
0.6	2.2	9.28
0.8	2.2	9.296
1	2.2	9.386
1.2	2.2	9.198
1.4	2.2	9.102
1.6	2.2	8.819
1.8	2.2	8.825
2	2.2	8.79
2.2	2.2	8.805
2.4	2.2	8.916
2.6	2.2	8.934
2.8	2.2	8.904
3	2.2	9.064
3.2	2.2	8.964
3.4	2.2	8.958
3.6	2.2	8.617
3.8	2.2	8.418
4	2.2	8.108
4.2	2.2	7.737
4.4	2.2	7.659
4.6	2.2	7.382
4.8	2.2	7.37
5	2.2	7.111
5.2	2.2	6.916
5.4	2.2	6.734
5.6	2.2	6.634
5.8	2.2	6.708
6	2.2	6.285
6.2	2.2	6.105
6.4	2.2	5.91
6.6	2.2	5.608
6.8	2.2	5.361
7	2.2	5.114
7.2	2.2	4.842
7.4	2.2	4.72
7.6	2.2	4.445
7.8	2.2	4.113
8	2.2	3.982
8.2	2.2	3.811
8.4	2.2	3.638
8.6	2.2	3.555
8.8	2.2	3.212
9	2.2	2.839
9.2	2.2	2.605
9.4	2.2	1.995
9.6	2.2	1.813
9.8	2.2	1.541
10	2.2	1.27
10.2	2.2	1
10.4	2.2	1
10.6	2.2	1
10.8	2.2	1
11	2.2	1.173
11.2	2.2	1.17
11.4	2.2	1
11.6	2.2	1
11.8	2.2	1
12	2.2	1
12.2	2.2	1.012
12.4	2.2	1
12.6	2.2	1
12.8	2.2	1
13	2.2	1
13.2	2.2	1
13.4	2.2	1.164
13.6	2.2	1.268
13.8	2.2	1.154
14	2.2	1.327
14.2	2.2	1.22
14.4	2.2	1.386
14.6	2.2	1.353
14.8	2.2	1.171
15	2.2	1.096
15.2	2.2	1
15.4	2.2	1
15.6	2.2	1
15.8	2.2	1.049
16	2.2	1.05
16.2	2.2	1
16.4	2.2	1
16.6	2.2	1.104
16.8	2.2	1.174
17	2.2	1
17.2	2.2	1.006
17.4	2.2	1.088
17.6	2.2	1
17.8	2.2	1
18	2.2	1
18.2	2.2	1
18.4	2.2	1
18.6	2.2	1
18.8	2.2	1
19	2.2	1
19.2	2.2	1
19.4	2.2	1.326
19.6	2.2	1.292
19.8	2.2	1.353
20	2.2	1.163
0	2.4	9.169
0.2	2.4	9.132
0.4	2.4	8.992
0.6	2.4	9.15
0.8	2.4	9.175
1	2.4	9.131
1.2	2.4	9.102
1.4	2.4	9.126
1.6	2.4	8.866
1.8	2.4	8.917
2	2.4	8.877
2.2	2.4	8.956
2.4	2.4	8.834
2.6	2.4	8.926
2.8	2.4	8.943
3	2.4	8.903
3.2	2.4	9.1
3.4	2.4	8.978
3.6	2.4	8.662
3.8	2.4	8.291
4	2.4	7.94
4.2	2.4	7.757
4.4	2.4	7.573
4.6	2.4	7.315
4.8	2.4	7.187
5	2.4	7.005
5.2	2.4	6.801
5.4	2.4	6.744
5.6	2.4	6.664
5.8	2.4	6.428
6	2.4	6.507
6.2	2.4	6.079
6.4	2.4	5.89
6.6	2.4	5.511
6.8	2.4	5.226
7	2.4	4.896
7.2	2.4	4.777
7.4	2.4	4.365
7.6	2.4	4.262
7.8	2.4	4.069
8	2.4	3.747
8.2	2.4	3.749
8.4	2.4	3.543
8.6	2.4	3.328
8.8	2.4	3.137
9	2.4	2.757
9.2	2.4	2.623
9.4	2.4	2.196
9.6	2.4	2.035
9.8	2.4	1.618
10	2.4	1.298
10.2	2.4	1
10.4	2.4	1
10.6	2.4	1
10.8	2.4	1
11	2.4	1.034
11.2	2.4	1.043
11.4	2.4	1.031
11.6	2.4	1.134
11.8	2.4	1.188
12	2.4	1.077
12.2	2.4	1.09
12.4	2.4	1
12.6	2.4	1
12.8	2.4	1
13	2.4	1
13.2	2.4	1.014
13.4	2.4	1.066
13.6	2.4	1.219
13.8	2.4	1
14	2.4	1.026
14.2	2.4	1.342
14.4	2.4	1.361
14.6	2.4	1.368
14.8	2.4	1.124
15	2.4	1.057
15.2	2.4	1.085
15.4	2.4	1
15.6	2.4	1
15.8	2.4	1
16	2.4	1
16.2	2.4	1
16.4	2.4	1
16.6	2.4	1.044
16.8	2.4	1
17	2.4	1.1
17.2	2.4	1.015
17.4	2.4	1
17.6	2.4	1
17.8	2.4	1
18	2.4	1
18.2	2.4	1
18.4	2.4	1
18.6	2.4	1
18.8	2.4	1
19	2.4	1
19.2	2.4	1
19.4	2.4	1.146
19.6	2.4	1.156
19.8	2.4	1.287
20	2.4	1.096
0	2.6	9.086
0.2	2.6	9.124
0.4	2.6	9.304
0.6	2.6	9.25
0.8	2.6	9.358
1	2.6	9.162
1.2	2.6	9.233
1.4	2.6	8.918
1.6	2.6	8.839
1.8	2.6	8.87
2	2.6	8.768
2.2	2.6	8.906
2.4	2.6	8.926
2.6	2.6	8.853
2.8	2.6	8.757
3	2.6	9
3.2	2.6	9.047
3.4	2.6	8.691
3.6	2.6	8.496
3.8	2.6	8.335
4	2.6	7.993
4.2	2.6	7.775
4.4	2.6	7.695
4.6	2.6	7.364
4.8	2.6	7.116
5	2.6	7.021
5.2	2.6	6.601
5.4	2.6	6.468
5.6	2.6	6.527
5.8	2.6	6.442
6	2.6	6.178
6.2	2.6	5.87
6.4	2.6	5.859
6.6	2.6	5.461
6.8	2.6	5.163
7	2.6	5.048
7.2	2.6	4.653
7.4	2.6	4.297
7.6	2.6	4.068
7.8	2.6	3.731
8	2.6	3.761
8.2	2.6	3.788
8.4	2.6	3.505
8.6	2.6	3.192
8.8	2.6	2.911
9	2.6	2.68
9.2	2.6	2.481
9.4	2.6	2.231
9.6	2.6	2.015
9.8	2.6	1.415
10	2.6	1.247
10.2	2.6	1
10.4	2.6	1
10.6	2.6	1
10.8	2.6	1.03
11	2.6	1.05
11.2	2.6	1.034
11.4	2.6	1
11.6	2.6	1.155
11.8	2.6	1.199
12	2.6	1.035
12.2	2.6	1.058
12.4	2.6	1
12.6	2.6	1
12.8	2.6	1
13	2.6	1
13.2	2.6	1.085
13.4	2.6	1.091
13.6	2.6	1
13.8	2.6	1.018
14	2.6	1.139
14.2	2.6	1.14
14.4	2.6	1.352
14.6	2.6	1.394
14.8	2.6	1.069
15	2.6	1.043
15.2	2.6	1
15.4	2.6	1
15.6	2.6	1.054
15.8	2.6	1
16	2.6	1
16.2	2.6	1
16.4	2.6	1.042
16.6	2.6	1.077
16.8	2.6	1.135
17	2.6	1.223
17.2	2.6	1
17.4	2.6	1.087
17.6	2.6	1
17.8	2.6	1
18	2.6	1
18.2	2.6	1
18.4	2.6	1
18.6	2.6	1
18.8	2.6	1
19	2.6	1
19.2	2.6	1.089
19.4	2.6	1.133
19.6	2.6	1.369
19.8	2.6	1.029
20	2.6	1.227
0	2.8	9.04
0.2	2.8	8.935
0.4	2.8	9.317
0.6	2.8	9.341
0.8	2.8	9.369
1	2.8	9.212
1.2	2.8	9.058
1.4	2.8	8.955
1.6	2.8	8.968
1.8	2.8	9.048
2	2.8	8.926
2.2	2.8	8.775
2.4	2.8	8.856
2.6	2.8	8.882
2.8	2.8	8.975
3	2.8	9.013
3.2	2.8	8.858
3.4	2.8	8.624
3.6	2.8	8.367
3.8	2.8	8.036
4	2.8	7.961
4.2	2.8	7.738
4.4	2.8	7.483
4.6	2.8	6.995
4.8	2.8	6.822
5	2.8	6.758
5.2	2.8	6.471
5.4	2.8	6.49
5.6	2.8	6.285
5.8	2.8	6.37
6	2.8	6.022
6.2	2.8	5.811
6.4	2.8	5.758
6.6	2.8	5.504
6.8	2.8	5.138
7	2.8	4.815
7.2	2.8	4.473
7.4	2.8	4.193
7.6	2.8	3.891
7.8	2.8	3.719
8	2.8	3.762
8.2	2.8	3.492
8.4	2.8	3.477
8.6	2.8	3.067
8.8	2.8	2.999
9	2.8	2.721
9.2	2.8	2.589
9.4	2.8	2.189
9.6	2.8	1.818
9.8	2.8	1.529
10	2.8	1.236
10.2	2.8	1
10.4	2.8	1
10.6	2.8	1
10.8	2.8	1
11	2.8	1
11.2	2.8	1
11.4	2.8	1.146
11.6	2.8	1.176
11.8	2.8	1.052
12	2.8	1.161
12.2	2.8	1.03
12.4	2.8	1.085
12.6	2.8	1
12.8	2.8	1
13	2.8	1.052
13.2	2.8	1
13.4	2.8	1
13.6	2.8	1
13.8	2.8	1.012
14	2.8	1.199
14.2	2.8	1.197
14.4	2.8	1.356
14.6	2.8	1.096
14.8	2.8	1.116
15	2.8	1.026
15.2	2.8	1
15.4	2.8	1
15.6	2.8	1
15.8	2.8	1
16	2.8	1
16.2	2.8	1
16.4	2.8	1
16.6	2.8	1
16.8	2.8	1.226
17	2.8	1.066
17.2	2.8	1.05
17.4	2.8	1
17.6	2.8	1.137
17.8	2.8	1.059
18	2.8	1
18.2	2.8	1
18.4	2.8	1
18.6	2.8	1
18.8	2.8	1
19	2.8	1
19.2	2.8	1.063
19.4	2.8	1.159
19.6	2.8	1.183
19.8	2.8	1
20	2.8	1.005
0	3	8.857
0.2	3	8.909
0.4	3	9.228
0.6	3	9.194
0.8	3	9.055
1	3	9.023
1.2	3	8.82
1.4	3	8.987
1.6	3	8.988
1.8	3	8.942
2	3	8.98
2.2	3	8.892
2.4	3	8.746
2.6	3	8.662
2.8	3	8.908
3	3	8.878
3.2	3	8.746
3.4	3	8.601
3.6	3	8.205
3.8	3	8.263
4	3	7.854
4.2	3	7.786
4.4	3	7.31
4.6	3	7.032
4.8	3	6.912
5	3	6.552
5.2	3	6.524
5.4	3	6.396
5.6	3	6.245
5.8	3	6.17
6	3	5.822
6.2	3	5.507
6.4	3	5.43
6.6	3	5.363
6.8	3	5.091
7	3	4.583
7.2	3	4.273
7.4	3	3.973
7.6	3	3.783
7.8	3	3.561
8	3	3.471
8.2	3	3.265
8.4	3	3.165
8.6	3	2.984
8.8	3	2.781
9	3	2.643
9.2	3	2.497
9.4	3	2.12
9.6	3	1.72
9.8	3	1.379
10	3	1.125
10.2	3	1
10.4	3	1
10.6	3	1
10.8	3	1
11	3	1
11.2	3	1
11.4	3	1.16
11.6	3	1.243
11.8	3	1.136
12	3	1.058
12.2	3	1.039
12.4	3	1.041
12.6	3	1
12.8	3	1
13	3	1
13.2	3	1
13.4	3	1
13.6	3	1
13.8	3	1
14	3	1
14.2	3	1.014
14.4	3	1.261
14.6	3	1.034
14.8	3	1.019
15	3	1
15.2	3	1
15.4	3	1
15.6	3	1
15.8	3	1
16	3	1
16.2	3	1
16.4	3	1
16.6	3	1.226
16.8	3	1.06
17	3	1.123
17.2	3	1.199
17.4	3	1.229
17.6	3	1.046
17.8	3	1.117
18	3	1.146
18.2	3	1
18.4	3	1
18.6	3	1
18.8	3	1
19	3	1
19.2	3	1.007
19.4	3	1.033
19.6	3	1.05
19.8	3	1.04
20	3	1.218
0	3.2	9.028
0.2	3.2	8.804
0.4	3.2	9.108
0.6	3.2	9.072
0.8	3.2	9.149
1	3.2	9.058
1.2	3.2	9.104
1.4	3.2	9.155
1.6	3.2	9.069
1.8	3.2	9.067
2	3.2	8.665
2.2	3.2	8.889
2.4	3.2	8.804
2.6	3.2	8.828
2.8	3.2	8.635
3	3.2	8.6
3.2	3.2	8.534
3.4	3.2	8.343
3.6	3.2	8.211
3.8	3.2	8.147
4	3.2	7.765
4.2	3.2	7.742
4.4	3.2	7.332
4.6	3.2	6.962
4.8	3.2	6.575
5	3.2	6.552
5.2	3.2	6.199
5.4	3.2	6.308
5.6	3.2	5.948
5.8	3.2	5.857
6	3.2	5.662
6.2	3.2	5.636
6.4	3.2	5.402
6.6	3.2	5.161
6.8	3.2	4.868
7	3.2	4.637
7.2	3.2	4.23
7.4	3.2	3.896
7.6	3.2	3.722
7.8	3.2	3.44
8	3.2	3.386
8.2	3.2	2.982
8.4	3.2	2.991
8.6	3.2	2.825
8.8	3.2	2.933
9	3.2	2.541
9.2	3.2	2.401
9.4	3.2	2.234
9.6	3.2	1.842
9.8	3.2	1.397
10	3.2	1.24
10.2	3.2	1.005
10.4	3.2	1
10.6	3.2	1
10.8	3.2	1
11	3.2	1
11.2	3.2	1.065
11.4	3.2	1.237
11.6	3.2	1.251
11.8	3.2	1.104
12	3.2	1.219
12.2	3.2	1.094
12.4	3.2	1
12.6	3.2	1
12.8	3.2	1
13	3.2	1
13.2	3.2	1
13.4	3.2	1
13.6	3.2	1
13.8	3.2	1
14	3.2	1.02
14.2	3.2	1.117
14.4	3.2	1.059
14.6	3.2	1.114
14.8	3.2	1.015
15	3.2	1
15.2	3.2	1
15.4	3.2	1
15.6	3.2	1
15.8	3.2	1
16	3.2	1
16.2	3.2	1.066
16.4	3.2	1
16.6	3.2	1.094
16.8	3.2	1.005
17	3.2	1.068
17.2	3.2	1.171
17.4	3.2	1.051
17.6	3.2	1.291
17.8	3.2	1.361
18	3.2	1.024
18.2	3.2	1
18.4	3.2	1
18.6	3.2	1
18.8	3.2	1
19	3.2	1
19.2	3.2	1.015
19.4	3.2	1
19.6	3.2	1
19.8	3.2	1.124
20	3.2	1.161
0	3.4	8.738
0.2	3.4	8.965
0.4	3.4	8.893
0.6	3.4	9.097
0.8	3.4	8.889
1	3.4	8.967
1.2	3.4	9.229
1.4	3.4	9.201
1.6	3.4	9.075
1.8	3.4	8.87
2	3.4	8.775
2.2	3.4	8.716
2.4	3.4	8.64
2.6	3.4	8.608
2.8	3.4	8.565
3	3.4	8.439
3.2	3.4	8.195
3.4	3.4	8.147
3.6	3.4	8.179
3.8	3.4	7.906
4	3.4	7.826
4.2	3.4	7.487
4.4	3.4	7.209
4.6	3.4	6.843
4.8	3.4	6.752
5	3.4	6.505
5.2	3.4	6.194
5.4	3.4	6.145
5.6	3.4	5.797
5.8	3.4	5.616
6	3.4	5.561
6.2	3.4	5.407
6.4	3.4	5.381
6.6	3.4	5.003
6.8	3.4	4.677
7	3.4	4.322
7.2	3.4	4.037
7.4	3.4	3.948
7.6	3.4	3.707
7.8	3.4	3.558
8	3.4	3.34
8.2	3.4	2.849
8.4	3.4	2.799
8.6	3.4	2.641
8.8	3.4	2.615
9	3.4	2.486
9.2	3.4	2.205
9.4	3.4	1.906
9.6	3.4	1.7
9.8	3.4	1.385
10	3.4	1.332
10.2	3.4	1
10.4	3.4	1.185
10.6	3.4	1
10.8	3.4	1
11	3.4	1
11.2	3.4	1.263
11.4	3.4	1.324
11.6	3.4	1.274
11.8	3.4	1.091
12	3.4	1.162
12.2	3.4	1.04
12.4	3.4	1.243
12.6	3.4	1.139
12.8	3.4	1
13	3.4	1
13.2	3.4	1
13.4	3.4	1
13.6	3.4	1
13.8	3.4	1
14	3.4	1
14.2	3.4	1
14.4	3.4	1.051
14.6	3.4	1
14.8	3.4	1.083
15	3.4	1.136
15.2	3.4	1.029
15.4	3.4	1
15.6	3.4	1
15.8	3.4	1
16	3.4	1
16.2	3.4	1
16.4	3.4	1
16.6	3.4	1.02
16.8	3.4	1.083
17	3.4	1.096
17.2	3.4	1.206
17.4	3.4	1.345
17.6	3.4	1.188
17.8	3.4	1.274
18	3.4	1.081
18.2	3.4	1
18.4	3.4	1.011
18.6	3.4	1
18.8	3.4	1
19	3.4	1
19.2	3.4	1
19.4	3.4	1
19.6	3.4	1
19.8	3.4	1.194
20	3.4	1.281
0	3.6	8.808
0.2	3.6	8.833
0.4	3.6	8.714
0.6	3.6	8.952
0.8	3.6	9.029
1	3.6	9.073
1.2	3.6	9.041
1.4	3.6	9.18
1.6	3.6	9.109
1.8	3.6	9.001
2	3.6	8.604
2.2	3.6	8.542
2.4	3.6	8.572
2.6	3.6	8.465
2.8	3.6	8.269
3	3.6	8.257
3.2	3.6	8.161
3.4	3.6	8.07
3.6	3.6	8.05
3.8	3.6	7.917
4	3.6	7.841
4.2	3.6	7.338
4.4	3.6	7.033
4.6	3.6	6.808
4.8	3.6	6.668
5	3.6	6.28
5.2	3.6	6.058
5.4	3.6	5.733
5.6	3.6	5.662
5.8	3.6	5.417
6	3.6	5.393
6.2	3.6	5.387
6.4	3.6	5.104
6.6	3.6	4.891
6.8	3.6	4.52
7	3.6	4.301
7.2	3.6	4.047
7.4	3.6	3.735
7.6	3.6	3.523
7.8	3.6	3.325
8	3.6	2.995
8.2	3.6	2.663
8.4	3.6	2.745
8.6	3.6	2.569
8.8	3.6	2.686
9	3.6	2.478
9.2	3.6	2.176
9.4	3.6	1.925
9.6	3.6	1.692
9.8	3.6	1.571
10	3.6	1.244
10.2	3.6	1.098
10.4	3.6	1.027
10.6	3.6	1
10.8	3.6	1
11	3.6	1
11.2	3.6	1.088
11.4	3.6	1.076
11.6	3.6	1.264
11.8	3.6	1.323
12	3.6	1.301
12.2	3.6	1.084
12.4	3.6	1.254
12.6	3.6	1.199
12.8	3.6	1
13	3.6	1
13.2	3.6	1
13.4	3.6	1
13.6	3.6	1
13.8	3.6	1
14	3.6	1
14.2	3.6	1
14.4	3.6	1
14.6	3.6	1
14.8	3.6	1.011
15	3.6	1
15.2	3.6	1
15.4	3.6	1
15.6	3.6	1
15.8	3.6	1
16	3.6	1
16.2	3.6	1
16.4	3.6	1
16.6	3.6	1.048
16.8	3.6	1.079
17	3.6	1.158
17.2	3.6	1.372
17.4	3.6	1.31
17.6	3.6	1.368
17.8	3.6	1.257
18	3.6	1.088
18.2	3.6	1.1
18.4	3.6	1
18.6	3.6	1.072
18.8	3.6	1.009
19	3.6	1
19.2	3.6	1
19.4	3.6	1
19.6	3.6	1
19.8	3.6	1.229
20	3.6	1.135
0	3.8	8.62
0.2	3.8	8.667
0.4	3.8	8.836
0.6	3.8	8.64
0.8	3.8	8.992
1	3.8	9.034
1.2	3.8	9.026
1.4	3.8	8.992
1.6	3.8	8.764
1.8	3.8	8.714
2	3.8	8.565
2.2	3.8	8.297
2.4	3.8	8.338
2.6	3.8	8.194
2.8	3.8	8.223
3	3.8	7.892
3.2	3.8	8.08
3.4	3.8	7.955
3.6	3.8	7.842
3.8	3.8	7.753
4	3.8	7.498
4.2	3.8	7.163
4.4	3.8	6.998
4.6	3.8	6.668
4.8	3.8	6.378
5	3.8	6.265
5.2	3.8	5.847
5.4	3.8	5.64
5.6	3.8	5.42
5.8	3.8	5.314
6	3.8	5.469
6.2	3.8	5.185
6.4	3.8	4.974
6.6	3.8	4.525
6.8	3.8	4.336
7	3.8	4.174
7.2	3.8	3.862
7.4	3.8	3.764
7.6	3.8	3.282
7.8	3.8	3.029
8	3.8	2.751
8.2	3.8	2.674
8.4	3.8	2.555
8.6	3.8	2.526
8.8	3.8	2.401
9	3.8	2.17
9.2	3.8	2.068
9.4	3.8	1.885
9.6	3.8	1.713
9.8	3.8	1.49
10	3.8	1.3
10.2	3.8	1.067
10.4	3.8	1
10.6	3.8	1
10.8	3.8	1.157
11	3.8	1.015
11.2	3.8	1.24
11.4	3.8	1.026
11.6	3.8	1.182
11.8	3.8	1.318
12	3.8	1.294
12.2	3.8	1.301
12.4	3.8	1.18
12.6	3.8	1.065
12.8	3.8	1
13	3.8	1
13.2	3.8	1
13.4	3.8	1
13.6	3.8	1
13.8	3.8	1
14	3.8	1
14.2	3.8	1
14.4	3.8	1
14.6	3.8	1.037
14.8	3.8	1.165
15	3.8	1.055
15.2	3.8	1
15.4	3.8	1
15.6	3.8	1
15.8	3.8	1
16	3.8	1.087
16.2	3.8	1
16.4	3.8	1
16.6	3.8	1
16.8	3.8	1.073
17	3.8	1.121
17.2	3.8	1.468
17.4	3.8	1.411
17.6	3.8	1.269
17.8	3.8	1.361
18	3.8	1.258
18.2	3.8	1.087
18.4	3.8	1.299
18.6	3.8	1.121
18.8	3.8	1
19	3.8	1
19.2	3.8	1
19.4	3.8	1
19.6	3.8	1.004
19.8	3.8	1.158
20	3.8	1.117
0	4	8.672
0.2	4	8.568
0.4	4	8.632
0.6	4	8.682
0.8	4	8.699
1	4	8.777
1.2	4	8.925
1.4	4	8.546
1.6	4	8.603
1.8	4	8.413
2	4	8.476
2.2	4	8.263
2.4	4	8.243
2.6	4	7.999
2.8	4	7.89
3	4	7.867
3.2	4	7.781
3.4	4	7.922
3.6	4	7.711
3.8	4	7.649
4	4	7.459
4.2	4	7.194
4.4	4	7.084
4.6	4	6.666
4.8	4	6.361
5	4	6.068
5.2	4	5.859
5.4	4	5.571
5.6	4	5.374
5.8	4	5.182
6	4	5.225
6.2	4	4.882
6.4	4	4.824
6.6	4	4.708
6.8	4	4.298
7	4	4.128
7.2	4	3.817
7.4	4	3.406
7.6	4	3.15
7.8	4	2.796
8	4	2.561
8.2	4	2.712
8.4	4	2.527
8.6	4	2.427
8.8	4	2.21
9	4	2.051
9.2	4	2.014
9.4	4	1.839
9.6	4	1.755
9.8	4	1.47
10	4	1.2
10.2	4	1
10.4	4	1
10.6	4	1.022
10.8	4	1.114
11	4	1.049
11.2	4	1.142
11.4	4	1.131
11.6	4	1
11.8	4	1.165
12	4	1.354
12.2	4	1.355
12.4	4	1.118
12.6	4	1.041
12.8	4	1
13	4	1
13.2	4	1
13.4	4	1
13.6	4	1
13.8	4	1
14	4	1
14.2	4	1
14.4	4	1
14.6	4	1.068
14.8	4	1.038
15	4	1.035
15.2	4	1
15.4	4	1
15.6	4	1
15.8	4	1.053
16	4	1
16.2	4	1
16.4	4	1
16.6	4	1
16.8	4	1.08
17	4	1.242
17.2	4	1.5
17.4	4	1.31
17.6	4	1.285
17.8	4	1.335
18	4	1.349
18.2	4	1.344
18.4	4	1.296
18.6	4	1.087
18.8	4	1
19	4	1
19.2	4	1
19.4	4	1
19.6	4	1.057
19.8	4	1.098
20	4	1.032
0	4.2	8.345
0.2	4.2	8.224
0.4	4.2	8.325
0.6	4.2	8.435
0.8	4.2	8.585
1	4.2	8.806
1.2	4.2	8.538
1.4	4.2	8.499
1.6	4.2	8.444
1.8	4.2	8.302
2	4.2	8.427
2.2	4.2	8.108
2.4	4.2	7.996
2.6	4.2	7.725
2.8	4.2	7.643
3	4.2	7.673
3.2	4.2	7.756
3.4	4.2	7.715
3.6	4.2	7.695
3.8	4.2	7.409
4	4.2	7.192
4.2	4.2	7.263
4.4	4.2	6.911
4.6	4.2	6.599
4.8	4.2	6.288
5	4.2	5.9
5.2	4.2	5.714
5.4	4.2	5.375
5.6	4.2	5.273
5.8	4.2	5.138
6	4.2	5.033
6.2	4.2	4.68
6.4	4.2	4.429
6.6	4.2	4.344
6.8	4.2	4.222
7	4.2	4.021
7.2	4.2	3.662
7.4	4.2	3.434
7.6	4.2	2.968
7.8	4.2	2.716
8	4.2	2.518
8.2	4.2	2.593
8.4	4.2	2.42
8.6	4.2	2.257
8.8	4.2	2.144
9	4.2	2.155
9.2	4.2	1.736
9.4	4.2	1.752
9.6	4.2	1.613
9.8	4.2	1.329
10	4.2	1.138
10.2	4.2	1.109
10.4	4.2	1.017
10.6	4.2	1.174
10.8	4.2	1.172
11	4.2	1.179
11.2	4.2	1.137
11.4	4.2	1.146
11.6	4.2	1.149
11.8	4.2	1.465
12	4.2	1.378
12.2	4.2	1.163
12.4	4.2	1.091
12.6	4.2	1
12.8	4.2	1
13	4.2	1
13.2	4.2	1
13.4	4.2	1
13.6	4.2	1
13.8	4.2	1
14	4.2	1
14.2	4.2	1
14.4	4.2	1
14.6	4.2	1
14.8	4.2	1
15	4.2	1
15.2	4.2	1
15.4	4.2	1
15.6	4.2	1
15.8	4.2	1
16	4.2	1
16.2	4.2	1
16.4	4.2	1
16.6	4.2	1.057
16.8	4.2	1.129
17	4.2	1.258
17.2	4.2	1.388
17.4	4.2	1.405
17.6	4.2	1.328
17.8	4.2	1.464
18	4.2	1.509
18.2	4.2	1.49
18.4	4.2	1.388
18.6	4.2	1
18.8	4.2	1
19	4.2	1
19.2	4.2	1
19.4	4.2	1
19.6	4.2	1
19.8	4.2	1
20	4.2	1
0	4.4	8.022
0.2	4.4	7.922
0.4	4.4	7.977
0.6	4.4	8.221
0.8	4.4	8.319
1	4.4	8.369
1.2	4.4	8.441
1.4	4.4	8.223
1.6	4.4	8.209
1.8	4.4	8.066
2	4.4	7.981
2.2	4.4	8.058
2.4	4.4	7.657
2.6	4.4	7.484
2.8	4.4	7.498
3	4.4	7.509
3.2	4.4	7.463
3.4	4.4	7.461
3.6	4.4	7.458
3.8	4.4	7.144
4	4.4	6.969
4.2	4.4	7.042
4.4	4.4	6.844
4.6	4.4	6.488
4.8	4.4	6.052
5	4.4	5.748
5.2	4.4	5.506
5.4	4.4	5.403
5.6	4.4	5.072
5.8	4.4	4.969
6	4.4	4.802
6.2	4.4	4.325
6.4	4.4	4.415
6.6	4.4	4.111
6.8	4.4	4.103
7	4.4	3.888
7.2	4.4	3.645
7.4	4.4	3.247
7.6	4.4	2.702
7.8	4.4	2.612
8	4.4	2.535
8.2	4.4	2.361
8.4	4.4	2.233
8.6	4.4	2.071
8.8	4.4	1.927
9	4.4	1.813
9.2	4.4	1.668
9.4	4.4	1.709
9.6	4.4	1.593
9.8	4.4	1.229
10	4.4	1.289
10.2	4.4	1.281
10.4	4.4	1.235
10.6	4.4	1
10.8	4.4	1.082
11	4.4	1.255
11.2	4.4	1.018
11.4	4.4	1
11.6	4.4	1.325
11.8	4.4	1.334
12	4.4	1.438
12.2	4.4	1.287
12.4	4.4	1.174
12.6	4.4	1.065
12.8	4.4	1.034
13	4.4	1.101
13.2	4.4	1
13.4	4.4	1
13.6	4.4	1
13.8	4.4	1
14	4.4	1
14.2	4.4	1
14.4	4.4	1
14.6	4.4	1
14.8	4.4	1.056
15	4.4	1
15.2	4.4	1
15.4	4.4	1
15.6	4.4	1
15.8	4.4	1
16	4.4	1
16.2	4.4	1
16.4	4.4	1
16.6	4.4	1
16.8	4.4	1.329
17	4.4	1.261
17.2	4.4	1.398
17.4	4.4	1.353
17.6	4.4	1.475
17.8	4.4	1.516
18	4.4	1.622
18.2	4.4	1.424
18.4	4.4	1.282
18.6	4.4	1.096
18.8	4.4	1
19	4.4	1
19.2	4.4	1.154
19.4	4.4	1
19.6	4.4	1
19.8	4.4	1
20	4.4	1
0	4.6	7.722
0.2	4.6	7.544
0.4	4.6	7.88
0.6	4.6	7.775
0.8	4.6	8.123
1	4.6	8.007
1.2	4.6	8.047
1.4	4.6	7.903
1.6	4.6	7.881
1.8	4.6	8.014
2	4.6	7.882
2.2	4.6	7.655
2.4	4.6	7.508
2.6	4.6	7.606
2.8	4.6	7.427
3	4.6	7.453
3.2	4.6	7.405
3.4	4.6	7.358
3.6	4.6	7.103
3.8	4.6	6.86
4	4.6	6.949
4.2	4.6	6.939
4.4	4.6	6.604
4.6	4.6	6.357
4.8	4.6	5.948
5	4.6	5.79
5.2	4.6	5.478
5.4	4.6	5.274
5.6	4.6	5.066
5.8	4.6	4.765
6	4.6	4.528
6.2	4.6	4.215
6.4	4.6	4.012
6.6	4.6	4.107
6.8	4.6	3.976
7	4.6	3.796
7.2	4.6	3.498
7.4	4.6	3.178
7.6	4.6	2.721
7.8	4.6	2.587
8	4.6	2.476
8.2	4.6	2.429
8.4	4.6	2.119
8.6	4.6	1.917
8.8	4.6	1.722
9	4.6	1.68
9.2	4.6	1.799
9.4	4.6	1.54
9.6	4.6	1.398
9.8	4.6	1.29
10	4.6	1.413
10.2	4.6	1.281
10.4	4.6	1.127
10.6	4.6	1.313
10.8	4.6	1.11
11	4.6	1.076
11.2	4.6	1.057
11.4	4.6	1.128
11.6	4.6	1.331
11.8	4.6	1.205
12	4.6	1.255
12.2	4.6	1.264
12.4	4.6	1.084
12.6	4.6	1
12.8	4.6	1.108
13	4.6	1.045
13.2	4.6	1
13.4	4.6	1
13.6	4.6	1
13.8	4.6	1
14	4.6	1
14.2	4.6	1
14.4	4.6	1
14.6	4.6	1
14.8	4.6	1
15	4.6	1
15.2	4.6	1.03
15.4	4.6	1.007
15.6	4.6	1.084
15.8	4.6	1
16	4.6	1
16.2	4.6	1
16.4	4.6	1
16.6	4.6	1.091
16.8	4.6	1.125
17	4.6	1.005
17.2	4.6	1.2
17.4	4.6	1.269
17.6	4.6	1.6
17.8	4.6	1.43
18	4.6	1.431
18.2	4.6	1.502
18.4	4.6	1.348
18.6	4.6	1.05
18.8	4.6	1.003
19	4.6	1.08
19.2	4.6	1
19.4	4.6	1
19.6	4.6	1
19.8	4.6	1
20	4.6	1
0	4.8	7.486
0.2	4.8	7.615
0.4	4.8	7.782
0.6	4.8	7.626
0.8	4.8	7.676
1	4.8	7.817
1.2	4.8	7.584
1.4	4.8	7.864
1.6	4.8	7.754
1.8	4.8	7.804
2	4.8	7.628
2.2	4.8	7.378
2.4	4.8	7.227
2.6	4.8	7.262
2.8	4.8	7.303
3	4.8	7.176
3.2	4.8	7.1
3.4	4.8	7.023
3.6	4.8	6.818
3.8	4.8	6.928
4	4.8	6.911
4.2	4.8	6.948
4.4	4.8	6.476
4.6	4.8	6.143
4.8	4.8	5.907
5	4.8	5.634
5.2	4.8	5.299
5.4	4.8	5.078
5.6	4.8	4.879
5.8	4.8	4.475
6	4.8	4.263
6.2	4.8	4.153
6.4	4.8	4.143
6.6	4.8	3.917
6.8	4.8	3.631
7	4.8	3.347
7.2	4.8	3.098
7.4	4.8	2.837
7.6	4.8	2.729
7.8	4.8	2.455
8	4.8	2.261
8.2	4.8	1.988
8.4	4.8	1.782
8.6	4.8	1.792
8.8	4.8	1.712
9	4.8	1.665
9.2	4.8	1.574
9.4	4.8	1.43
9.6	4.8	1.315
9.8	4.8	1.357
10	4.8	1.291
10.2	4.8	1.41
10.4	4.8	1.218
10.6	4.8	1.289
10.8	4.8	1.201
11	4.8	1.048
11.2	4.8	1.249
11.4	4.8	1.129
11.6	4.8	1.293
11.8	4.8	1.275
12	4.8	1.216
12.2	4.8	1.166
12.4	4.8	1.174
12.6	4.8	1.233
12.8	4.8	1.216
13	4.8	1
13.2	4.8	1
13.4	4.8	1
13.6	4.8	1
13.8	4.8	1
14	4.8	1
14.2	4.8	1
14.4	4.8	1
14.6	4.8	1
14.8	4.8	1
15	4.8	1.005
15.2	4.8	1.068
15.4	4.8	1.065
15.6	4.8	1.054
15.8	4.8	1
16	4.8	1
16.2	4.8	1
16.4	4.8	1.124
16.6	4.8	1.099
16.8	4.8	1.17
17	4.8	1.104
17.2	4.8	1.173
17.4	4.8	1.514
17.6	4.8	1.548
17.8	4.8	1.657
18	4.8	1.541
18.2	4.8	1.348
18.4	4.8	1.266
18.6	4.8	1.304
18.8	4.8	1.188
19	4.8	1
19.2	4.8	1
19.4	4.8	1
19.6	4.8	1
19.8	4.8	1
20	4.8	1.067
0	5	7.338
0.2	5	7.323
0.4	5	7.335
0.6	5	7.447
0.8	5	7.304
1	5	7.475
1.2	5	7.528
1.4	5	7.616
1.6	5	7.646
1.8	5	7.54
2	5	7.478
2.2	5	7.171
2.4	5	7.02
2.6	5	7.159
2.8	5	7.11
3	5	6.997
3.2	5	6.859
3.4	5	6.704
3.6	5	6.769
3.8	5	6.719
4	5	6.655
4.2	5	6.524
4.4	5	6.453
4.6	5	5.853
4.8	5	5.76
5	5	5.355
5.2	5	5.242
5.4	5	4.924
5.6	5	4.46
5.8	5	4.356
6	5	4.09
6.2	5	3.846
6.4	5	4.001
6.6	5	3.91
6.8	5	3.689
7	5	3.331
7.2	5	3.065
7.4	5	2.975
7.6	5	2.82
7.8	5	2.544
8	5	2.088
8.2	5	1.891
8.4	5	1.707
8.6	5	1.443
8.8	5	1.611
9	5	1.724
9.2	5	1.49
9.4	5	1.4
9.6	5	1.275
9.8	5	1.347
10	5	1.477
10.2	5	1.406
10.4	5	1.315
10.6	5	1.351
10.8	5	1.244
11	5	1.029
11.2	5	1.24
11.4	5	1.219
11.6	5	1.265
11.8	5	1.236
12	5	1.243
12.2	5	1.183
12.4	5	1.331
12.6	5	1.243
12.8	5	1.165
13	5	1
13.2	5	1
13.4	5	1
13.6	5	1
13.8	5	1
14	5	1
14.2	5	1
14.4	5	1
14.6	5	1
14.8	5	1
15	5	1
15.2	5	1.141
15.4	5	1.003
15.6	5	1
15.8	5	1
16	5	1
16.2	5	1
16.4	5	1.018
16.6	5	1.101
16.8	5	1
17	5	1
17.2	5	1.3
17.4	5	1.371
17.6	5	1.518
17.8	5	1.418
18	5	1.435
18.2	5	1.39
18.4	5	1.399
18.6	5	1.221
18.8	5	1.343
19	5	1.019
19.2	5	1
19.4	5	1
19.6	5	1
19.8	5	1
20	5	1
0	5.2	7.222
0.2	5.2	7.235
0.4	5.2	7.02
0.6	5.2	7.037
0.8	5.2	7.055
1	5.2	7.063
1.2	5.2	7.281
1.4	5.2	7.39
1.6	5.2	7.479
1.8	5.2	7.382
2	5.2	7.129
2.2	5.2	7.047
2.4	5.2	7.071
2.6	5.2	6.917
2.8	5.2	6.901
3	5.2	6.692
3.2	5.2	6.488
3.4	5.2	6.438
3.6	5.2	6.653
3.8	5.2	6.545
4	5.2	6.622
4.2	5.2	6.27
4.4	5.2	6.091
4.6	5.2	6.021
4.8	5.2	5.537
5	5.2	5.251
5.2	5.2	5.223
5.4	5.2	4.703
5.6	5.2	4.415
5.8	5.2	4.098
6	5.2	4.008
6.2	5.2	3.815
6.4	5.2	3.759
6.6	5.2	3.621
6.8	5.2	3.27
7	5.2	3.077
7.2	5.2	2.935
7.4	5.2	2.694
7.6	5.2	2.57
7.8	5.2	2.329
8	5.2	1.966
8.2	5.2	1.707
8.4	5.2	1.571
8.6	5.2	1.458
8.8	5.2	1.521
9	5.2	1.49
9.2	5.2	1.202
9.4	5.2	1.182
9.6	5.2	1.248
9.8	5.2	1.442
10	5.2	1.631
10.2	5.2	1.527
10.4	5.2	1.228
10.6	5.2	1.272
10.8	5.2	1.264
11	5.2	1.156
11.2	5.2	1.29
11.4	5.2	1.156
11.6	5.2	1.046
11.8	5.2	1.133
12	5.2	1
12.2	5.2	1.187
12.4	5.2	1.367
12.6	5.2	1.078
12.8	5.2	1
13	5.2	1
13.2	5.2	1
13.4	5.2	1
13.6	5.2	1
13.8	5.2	1
14	5.2	1
14.2	5.2	1
14.4	5.2	1
14.6	5.2	1
14.8	5.2	1
15	5.2	1
15.2	5.2	1.058
15.4	5.2	1.055
15.6	5.2	1
15.8	5.2	1
16	5.2	1.039
16.2	5.2	1
16.4	5.2	1.05
16.6	5.2	1
16.8	5.2	1
17	5.2	1.144
17.2	5.2	1.26
17.4	5.2	1.344
17.6	5.2	1.505
17.8	5.2	1.509
18	5.2	1.46
18.2	5.2	1.43
18.4	5.2	1.488
18.6	5.2	1.273
18.8	5.2	1.249
19	5.2	1.147
19.2	5.2	1
19.4	5.2	1
19.6	5.2	1
19.8	5.2	1
20	5.2	1
0	5.4	6.925
0.2	5.4	7.024
0.4	5.4	6.688
0.6	5.4	6.649
0.8	5.4	6.691
1	5.4	7.072
1.2	5.4	7.041
1.4	5.4	7.14
1.6	5.4	7.074
1.8	5.4	6.944
2	5.4	6.932
2.2	5.4	7.116
2.4	5.4	6.992
2.6	5.4	6.71
2.8	5.4	6.661
3	5.4	6.37
3.2	5.4	6.194
3.4	5.4	6.412
3.6	5.4	6.458
3.8	5.4	6.432
4	5.4	6.198
4.2	5.4	6.039
4.4	5.4	5.921
4.6	5.4	5.727
4.8	5.4	5.492
5	5.4	5.151
5.2	5.4	4.954
5.4	5.4	4.651
5.6	5.4	4.138
5.8	5.4	4.061
6	5.4	3.899
6.2	5.4	3.806
6.4	5.4	3.641
6.6	5.4	3.299
6.8	5.4	3.022
7	5.4	2.96
7.2	5.4	2.958
7.4	5.4	2.687
7.6	5.4	2.427
7.8	5.4	2.016
8	5.4	1.991
8.2	5.4	1.695
8.4	5.4	1.568
8.6	5.4	1.503
8.8	5.4	1.366
9	5.4	1.157
9.2	5.4	1.029
9.4	5.4	1.084
9.6	5.4	1.51
9.8	5.4	1.503
10	5.4	1.48
10.2	5.4	1.495
10.4	5.4	1.26
10.6	5.4	1.372
10.8	5.4	1.176
11	5.4	1.28
11.2	5.4	1.307
11.4	5.4	1.186
11.6	5.4	1.092
11.8	5.4	1.074
12	5.4	1.139
12.2	5.4	1.194
12.4	5.4	1.238
12.6	5.4	1.317
12.8	5.4	1.035
13	5.4	1
13.2	5.4	1
13.4	5.4	1
13.6	5.4	1
13.8	5.4	1
14	5.4	1
14.2	5.4	1
14.4	5.4	1
14.6	5.4	1
14.8	5.4	1
15	5.4	1
15.2	5.4	1
15.4	5.4	1
15.6	5.4	1
15.8	5.4	1.168
16	5.4	1
16.2	5.4	1.085
16.4	5.4	1
16.6	5.4	1
16.8	5.4	1
17	5.4	1.082
17.2	5.4	1.244
17.4	5.4	1.405
17.6	5.4	1.398
17.8	5.4	1.315
18	5.4	1.5
18.2	5.4	1.529
18.4	5.4	1.544
18.6	5.4	1.273
18.8	5.4	1.243
19	5.4	1.064
19.2	5.4	1
19.4	5.4	1
19.6	5.4	1
19.8	5.4	1.01
20	5.4	1
0	5.6	6.602
0.2	5.6	6.811
0.4	5.6	6.432
0.6	5.6	6.571
0.8	5.6	6.666
1	5.6	6.654
1.2	5.6	6.878
1.4	5.6	6.848
1.6	5.6	6.861
1.8	5.6	6.801
2	5.6	6.878
2.2	5.6	6.785
2.4	5.6	6.696
2.6	5.6	6.638
2.8	5.6	6.397
3	5.6	6.257
3.2	5.6	6.091
3.4	5.6	6.074
3.6	5.6	6.114
3.8	5.6	6.038
4	5.6	6.013
4.2	5.6	5.88
4.4	5.6	5.672
4.6	5.6	5.686
4.8	5.6	5.506
5	5.6	5.13
5.2	5.6	4.675
5.4	5.6	4.502
5.6	5.6	4.089
5.8	5.6	3.914
6	5.6	3.721
6.2	5.6	3.493
6.4	5.6	3.225
6.6	5.6	3.185
6.8	5.6	2.928
7	5.6	3.149
7.2	5.6	2.716
7.4	5.6	2.513
7.6	5.6	2.368
7.8	5.6	2.132
8	5.6	1.75
8.2	5.6	1.616
8.4	5.6	1.298
8.6	5.6	1.255
8.8	5.6	1.051
9	5.6	1
9.2	5.6	1
9.4	5.6	1
9.6	5.6	1.226
9.8	5.6	1.421
10	5.6	1.412
10.2	5.6	1.44
10.4	5.6	1.357
10.6	5.6	1.374
10.8	5.6	1.363
11	5.6	1.367
11.2	5.6	1.19
11.4	5.6	1.106
11.6	5.6	1.066
11.8	5.6	1.076
12	5.6	1.136
12.2	5.6	1.222
12.4	5.6	1.173
12.6	5.6	1.173
12.8	5.6	1.008
13	5.6	1
13.2	5.6	1
13.4	5.6	1
13.6	5.6	1
13.8	5.6	1
14	5.6	1
14.2	5.6	1
14.4	5.6	1
14.6	5.6	1
14.8	5.6	1
15	5.6	1
15.2	5.6	1
15.4	5.6	1
15.6	5.6	1.115
15.8	5.6	1.11
16	5.6	1.022
16.2	5.6	1.088
16.4	5.6	1
16.6	5.6	1.079
16.8	5.6	1.008
17	5.6	1
17.2	5.6	1.3
17.4	5.6	1.485
17.6	5.6	1.473
17.8	5.6	1.527
18	5.6	1.372
18.2	5.6	1.596
18.4	5.6	1.455
18.6	5.6	1.403
18.8	5.6	1.083
19	5.6	1
19.2	5.6	1
19.4	5.6	1
19.6	5.6	1
19.8	5.6	1
20	5.6	1
0	5.8	6.476
0.2	5.8	6.287
0.4	5.8	6.332
0.6	5.8	6.387
0.8	5.8	6.488
1	5.8	6.453
1.2	5.8	6.341
1.4	5.8	6.412
1.6	5.8	6.663
1.8	5.8	6.551
2	5.8	6.568
2.2	5.8	6.745
2.4	5.8	6.595
2.6	5.8	6.299
2.8	5.8	6.085
3	5.8	5.99
3.2	5.8	5.993
3.4	5.8	6.094
3.6	5.8	5.941
3.8	5.8	5.849
4	5.8	5.759
4.2	5.8	5.487
4.4	5.8	5.585
4.6	5.8	5.404
4.8	5.8	5.018
5	5.8	4.729
5.2	5.8	4.456
5.4	5.8	4.266
5.6	5.8	3.999
5.8	5.8	3.815
6	5.8	3.749
6.2	5.8	3.247
6.4	5.8	3.112
6.6	5.8	2.975
6.8	5.8	2.81
7	5.8	2.812
7.2	5.8	2.557
7.4	5.8	2.569
7.6	5.8	2.109
7.8	5.8	2.051
8	5.8	1.68
8.2	5.8	1.609
8.4	5.8	1.357
8.6	5.8	1.153
8.8	5.8	1
9	5.8	1
9.2	5.8	1
9.4	5.8	1.088
9.6	5.8	1.325
9.8	5.8	1.371
10	5.8	1.593
10.2	5.8	1.362
10.4	5.8	1.48
10.6	5.8	1.355
10.8	5.8	1.376
11	5.8	1.162
11.2	5.8	1.095
11.4	5.8	1.037
11.6	5.8	1.132
11.8	5.8	1.101
12	5.8	1.29
12.2	5.8	1.265
12.4	5.8	1.296
12.6	5.8	1.077
12.8	5.8	1.215
13	5.8	1
13.2	5.8	1
13.4	5.8	1
13.6	5.8	1
13.8	5.8	1
14	5.8	1
14.2	5.8	1
14.4	5.8	1
14.6	5.8	1
14.8	5.8	1
15	5.8	1
15.2	5.8	1
15.4	5.8	1
15.6	5.8	1.182
15.8	5.8	1.135
16	5.8	1.172
16.2	5.8	1.201
16.4	5.8	1
16.6	5.8	1
16.8	5.8	1.066
17	5.8	1.236
17.2	5.8	1.165
17.4	5.8	1.177
17.6	5.8	1.35
17.8	5.8	1.391
18	5.8	1.318
18.2	5.8	1.45
18.4	5.8	1.617
18.6	5.8	1.373
18.8	5.8	1.099
19	5.8	1.018
19.2	5.8	1
19.4	5.8	1
19.6	5.8	1
19.8	5.8	1
20	5.8	1
0	6	6.246
0.2	6	6.158
0.4	6	5.973
0.6	6	6.155
0.8	6	6.299
1	6	6.297
1.2	6	6.27
1.4	6	6.257
1.6	6	6.253
1.8	6	6.403
2	6	6.56
2.2	6	6.394
2.4	6	6.17
2.6	6	6.007
2.8	6	5.917
3	6	5.804
3.2	6	5.838
3.4	6	5.774
3.6	6	5.684
3.8	6	5.599
4	6	5.487
4.2	6	5.311
4.4	6	5.285
4.6	6	5.232
4.8	6	4.958
5	6	4.582
5.2	6	4.325
5.4	6	4.07
5.6	6	3.844
5.8	6	3.645
6	6	3.494
6.2	6	3.141
6.4	6	3.114
6.6	6	2.824
6.8	6	2.742
7	6	2.691
7.2	6	2.545
7.4	6	2.313
7.6	6	2.186
7.8	6	1.743
8	6	1.714
8.2	6	1.486
8.4	6	1.114
8.6	6	1.041
8.8	6	1
9	6	1
9.2	6	1
9.4	6	1.023
9.6	6	1.192
9.8	6	1.42
10	6	1.301
10.2	6	1.27
10.4	6	1.424
10.6	6	1.384
10.8	6	1.326
11	6	1.281
11.2	6	1
11.4	6	1
11.6	6	1.034
11.8	6	1.18
12	6	1.253
12.2	6	1.085
12.4	6	1.16
12.6	6	1
12.8	6	1.214
13	6	1
13.2	6	1.133
13.4	6	1
13.6	6	1
13.8	6	1
14	6	1
14.2	6	1
14.4	6	1
14.6	6	1
14.8	6	1
15	6	1
15.2	6	1
15.4	6	1.041
15.6	6	1.044
15.8	6	1.095
16	6	1.102
16.2	6	1.093
16.4	6	1.102
16.6	6	1.085
16.8	6	1.114
17	6	1.183
17.2	6	1.065
17.4	6	1.12
17.6	6	1.152
17.8	6	1.264
18	6	1.52
18.2	6	1.539
18.4	6	1.493
18.6	6	1.337
18.8	6	1.187
19	6	1.141
19.2	6	1.04
19.4	6	1
19.6	6	1
19.8	6	1
20	6	1
0	6.2	5.969
0.2	6.2	5.93
0.4	6.2	5.873
0.6	6.2	5.924
0.8	6.2	5.899
1	6.2	6.075
1.2	6.2	6.049
1.4	6.2	6.056
1.6	6.2	6.283
1.8	6.2	6.217
2	6.2	6.493
2.2	6.2	6.132
2.4	6.2	6
2.6	6.2	5.793
2.8	6.2	5.761
3	6.2	5.741
3.2	6.2	5.583
3.4	6.2	5.598
3.6	6.2	5.323
3.8	6.2	5.224
4	6.2	5.109
4.2	6.2	5.228
4.4	6.2	5.142
4.6	6.2	4.946
4.8	6.2	4.678
5	6.2	4.675
5.2	6.2	4.199
5.4	6.2	3.896
5.6	6.2	3.729
5.8	6.2	3.497
6	6.2	3.232
6.2	6.2	2.966
6.4	6.2	2.818
6.6	6.2	2.648
6.8	6.2	2.675
7	6.2	2.461
7.2	6.2	2.284
7.4	6.2	2.034
7.6	6.2	1.82
7.8	6.2	1.849
8	6.2	1.657
8.2	6.2	1.453
8.4	6.2	1.091
8.6	6.2	1
8.8	6.2	1
9	6.2	1
9.2	6.2	1.001
9.4	6.2	1.183
9.6	6.2	1.238
9.8	6.2	1.164
10	6.2	1.174
10.2	6.2	1.322
10.4	6.2	1.497
10.6	6.2	1.497
10.8	6.2	1.218
11	6.2	1.084
11.2	6.2	1
11.4	6.2	1
11.6	6.2	1
11.8	6.2	1
12	6.2	1.02
12.2	6.2	1.05
12.4	6.2	1
12.6	6.2	1.055
12.8	6.2	1.213
13	6.2	1.035
13.2	6.2	1.027
13.4	6.2	1
13.6	6.2	1
13.8	6.2	1
14	6.2	1
14.2	6.2	1
14.4	6.2	1
14.6	6.2	1
14.8	6.2	1
15	6.2	1
15.2	6.2	1
15.4	6.2	1.163
15.6	6.2	1.113
15.8	6.2	1.132
16	6.2	1.05
16.2	6.2	1.072
16.4	6.2	1
16.6	6.2	1.163
16.8	6.2	1.128
17	6.2	1
17.2	6.2	1.12
17.4	6.2	1.247
17.6	6.2	1.283
17.8	6.2	1.479
18	6.2	1.47
18.2	6.2	1.319
18.4	6.2	1.215
18.6	6.2	1.288
18.8	6.2	1.164
19	6.2	1.097
19.2	6.2	1.083
19.4	6.2	1
19.6	6.2	1
19.8	6.2	1
20	6.2	1
0	6.4	5.745
0.2	6.4	5.856
0.4	6.4	5.752
0.6	6.4	5.827
0.8	6.4	5.824
1	6.4	5.747
1.2	6.4	5.775
1.4	6.4	5.712
1.6	6.4	6.031
1.8	6.4	5.957
2	6.4	6.016
2.2	6.4	5.896
2.4	6.4	5.777
2.6	6.4	5.668
2.8	6.4	5.51
3	6.4	5.382
3.2	6.4	5.41
3.4	6.4	5.171
3.6	6.4	5.102
3.8	6.4	4.953
4	6.4	4.862
4.2	6.4	5.057
4.4	6.4	4.867
4.6	6.4	4.741
4.8	6.4	4.436
5	6.4	4.413
5.2	6.4	4.033
5.4	6.4	3.877
5.6	6.4	3.642
5.8	6.4	3.215
6	6.4	3.011
6.2	6.4	2.891
6.4	6.4	2.611
6.6	6.4	2.621
6.8	6.4	2.275
7	6.4	2.331
7.2	6.4	2.114
7.4	6.4	1.905
7.6	6.4	1.933
7.8	6.4	1.694
8	6.4	1.511
8.2	6.4	1.212
8.4	6.4	1
8.6	6.4	1
8.8	6.4	1
9	6.4	1
9.2	6.4	1
9.4	6.4	1.031
9.6	6.4	1.245
9.8	6.4	1.23
10	6.4	1.237
10.2	6.4	1.511
10.4	6.4	1.406
10.6	6.4	1.489
10.8	6.4	1.156
11	6.4	1.206
11.2	6.4	1.014
11.4	6.4	1
11.6	6.4	1.048
11.8	6.4	1.067
12	6.4	1
12.2	6.4	1.006
12.4	6.4	1
12.6	6.4	1.15
12.8	6.4	1.211
13	6.4	1.148
13.2	6.4	1
13.4	6.4	1
13.6	6.4	1
13.8	6.4	1
14	6.4	1
14.2	6.4	1
14.4	6.4	1
14.6	6.4	1
14.8	6.4	1
15	6.4	1
15.2	6.4	1
15.4	6.4	1.061
15.6	6.4	1.084
15.8	6.4	1.139
16	6.4	1.043
16.2	6.4	1.085
16.4	6.4	1.199
16.6	6.4	1.181
16.8	6.4	1.037
17	6.4	1
17.2	6.4	1.046
17.4	6.4	1.105
17.6	6.4	1.07
17.8	6.4	1.309
18	6.4	1.395
18.2	6.4	1.412
18.4	6.4	1.371
18.6	6.4	1.299
18.8	6.4	1.318
19	6.4	1.228
19.2	6.4	1.037
19.4	6.4	1
19.6	6.4	1
19.8	6.4	1
20	6.4	1
0	6.6	5.654
0.2	6.6	5.675
0.4	6.6	5.621
0.6	6.6	5.548
0.8	6.6	5.511
1	6.6	5.342
1.2	6.6	5.357
1.4	6.6	5.592
1.6	6.6	5.802
1.8	6.6	5.908
2	6.6	5.772
2.2	6.6	5.491
2.4	6.6	5.512
2.6	6.6	5.502
2.8	6.6	5.424
3	6.6	5.307
3.2	6.6	4.984
3.4	6.6	4.867
3.6	6.6	4.786
3.8	6.6	4.806
4	6.6	4.693
4.2	6.6	4.693
4.4	6.6	4.38
4.6	6.6	4.374
4.8	6.6	4.22
5	6.6	4.049
5.2	6.6	3.997
5.4	6.6	3.754
5.6	6.6	3.262
5.8	6.6	3.116
6	6.6	2.744
6.2	6.6	2.685
6.4	6.6	2.448
6.6	6.6	2.455
6.8	6.6	2.281
7	6.6	2.148
7.2	6.6	1.98
7.4	6.6	1.851
7.6	6.6	1.668
7.8	6.6	1.532
8	6.6	1.359
8.2	6.6	1.091
8.4	6.6	1
8.6	6.6	1
8.8	6.6	1
9	6.6	1
9.2	6.6	1
9.4	6.6	1
9.6	6.6	1.041
9.8	6.6	1.28
10	6.6	1.236
10.2	6.6	1.408
10.4	6.6	1.465
10.6	6.6	1.336
10.8	6.6	1.165
11	6.6	1
11.2	6.6	1.044
11.4	6.6	1
11.6	6.6	1
11.8	6.6	1
12	6.6	1
12.2	6.6	1
12.4	6.6	1.064
12.6	6.6	1.063
12.8	6.6	1.163
13	6.6	1
13.2	6.6	1
13.4	6.6	1
13.6	6.6	1
13.8	6.6	1
14	6.6	1
14.2	6.6	1
14.4	6.6	1
14.6	6.6	1
14.8	6.6	1
15	6.6	1
15.2	6.6	1
15.4	6.6	1
15.6	6.6	1
15.8	6.6	1.076
16	6.6	1.068
16.2	6.6	1.061
16.4	6.6	1.17
16.6	6.6	1.109
16.8	6.6	1.062
17	6.6	1
17.2	6.6	1.027
17.4	6.6	1.044
17.6	6.6	1.169
17.8	6.6	1.342
18	6.6	1.187
18.2	6.6	1.477
18.4	6.6	1.297
18.6	6.6	1.339
18.8	6.6	1.36
19	6.6	1.383
19.2	6.6	1.123
19.4	6.6	1
19.6	6.6	1
19.8	6.6	1
20	6.6	1
0	6.8	5.468
0.2	6.8	5.59
0.4	6.8	5.41
0.6	6.8	5.338
0.8	6.8	5.201
1	6.8	5.369
1.2	6.8	5.467
1.4	6.8	5.435
1.6	6.8	5.505
1.8	6.8	5.454
2	6.8	5.509
2.2	6.8	5.347
2.4	6.8	5.321
2.6	6.8	5.397
2.8	6.8	5.16
3	6.8	4.996
3.2	6.8	4.642
3.4	6.8	4.657
3.6	6.8	4.689
3.8	6.8	4.587
4	6.8	4.622
4.2	6.8	4.347
4.4	6.8	4.297
4.6	6.8	4.078
4.8	6.8	4.051
5	6.8	4.048
5.2	6.8	3.84
5.4	6.8	3.454
5.6	6.8	3.127
5.8	6.8	2.809
6	6.8	2.735
6.2	6.8	2.721
6.4	6.8	2.543
6.6	6.8	2.126
6.8	6.8	2.205
7	6.8	2.007
7.2	6.8	1.718
7.4	6.8	1.772
7.6	6.8	1.804
7.8	6.8	1.579
8	6.8	1.151
8.2	6.8	1
8.4	6.8	1
8.6	6.8	1
8.8	6.8	1
9	6.8	1
9.2	6.8	1
9.4	6.8	1
9.6	6.8	1.039
9.8	6.8	1.227
10	6.8	1.36
10.2	6.8	1.464
10.4	6.8	1.409
10.6	6.8	1.278
10.8	6.8	1.181
11	6.8	1.122
11.2	6.8	1.032
11.4	6.8	1.005
11.6	6.8	1
11.8	6.8	1
12	6.8	1
12.2	6.8	1
12.4	6.8	1.121
12.6	6.8	1.226
12.8	6.8	1.13
13	6.8	1.13
13.2	6.8	1
13.4	6.8	1.083
13.6	6.8	1.022
13.8	6.8	1
14	6.8	1
14.2	6.8	1
14.4	6.8	1
14.6	6.8	1
14.8	6.8	1
15	6.8	1
15.2	6.8	1.025
15.4	6.8	1
15.6	6.8	1
15.8	6.8	1.166
16	6.8	1.191
16.2	6.8	1.189
16.4	6.8	1.211
16.6	6.8	1.051
16.8	6.8	1
17	6.8	1
17.2	6.8	1
17.4	6.8	1.044
17.6	6.8	1.094
17.8	6.8	1.014
18	6.8	1.069
18.2	6.8	1.306
18.4	6.8	1.295
18.6	6.8	1.232
18.8	6.8	1.202
19	6.8	1.192
19.2	6.8	1.145
19.4	6.8	1
19.6	6.8	1
19.8	6.8	1
20	6.8	1
0	7	5.349
0.2	7	5.467
0.4	7	5.223
0.6	7	5.165
0.8	7	4.952
1	7	5.061
1.2	7	5.168
1.4	7	5.201
1.6	7	5.252
1.8	7	5.161
2	7	5.106
2.2	7	5.301
2.4	7	5.269
2.6	7	5.062
2.8	7	4.998
3	7	4.656
3.2	7	4.409
3.4	7	4.464
3.6	7	4.198
3.8	7	4.37
4	7	4.189
4.2	7	4.066
4.4	7	4.005
4.6	7	3.964
4.8	7	3.826
5	7	3.875
5.2	7	3.64
5.4	7	3.243
5.6	7	3.02
5.8	7	2.893
6	7	2.74
6.2	7	2.516
6.4	7	2.187
6.6	7	2.113
6.8	7	1.954
7	7	1.836
7.2	7	1.807
7.4	7	1.743
7.6	7	1.596
7.8	7	1.332
8	7	1
8.2	7	1
8.4	7	1
8.6	7	1
8.8	7	1
9	7	1
9.2	7	1
9.4	7	1
9.6	7	1
9.8	7	1.147
10	7	1.419
10.2	7	1.211
10.4	7	1.266
10.6	7	1.132
10.8	7	1.135
11	7	1.178
11.2	7	1.255
11.4	7	1.186
11.6	7	1
11.8	7	1
12	7	1.024
12.2	7	1
12.4	7	1.002
12.6	7	1
12.8	7	1.196
13	7	1.127
13.2	7	1.243
13.4	7	1
13.6	7	1.196
13.8	7	1.003
14	7	1
14.2	7	1
14.4	7	1
14.6	7	1
14.8	7	1
15	7	1
15.2	7	1
15.4	7	1
15.6	7	1
15.8	7	1
16	7	1.295
16.2	7	1.334
16.4	7	1.09
16.6	7	1.033
16.8	7	1
17	7	1
17.2	7	1
17.4	7	1
17.6	7	1.103
17.8	7	1.005
18	7	1.205
18.2	7	1.149
18.4	7	1.197
18.6	7	1.434
18.8	7	1.336
19	7	1.204
19.2	7	1.097
19.4	7	1
19.6	7	1
19.8	7	1
20	7	1
0	7.2	5.292
0.2	7.2	5.305
0.4	7.2	5.047
0.6	7.2	4.788
0.8	7.2	4.735
1	7.2	5.035
1.2	7.2	4.946
1.4	7.2	4.904
1.6	7.2	4.898
1.8	7.2	4.781
2	7.2	5.046
2.2	7.2	4.958
2.4	7.2	5.101
2.6	7.2	4.885
2.8	7.2	4.786
3	7.2	4.466
3.2	7.2	4.349
3.4	7.2	4.248
3.6	7.2	4.174
3.8	7.2	4.05
4	7.2	3.864
4.2	7.2	3.911
4.4	7.2	3.629
4.6	7.2	3.709
4.8	7.2	3.704
5	7.2	3.636
5.2	7.2	3.355
5.4	7.2	3.143
5.6	7.2	2.856
5.8	7.2	2.554
6	7.2	2.521
6.2	7.2	2.243
6.4	7.2	1.958
6.6	7.2	1.879
6.8	7.2	1.755
7	7.2	1.705
7.2	7.2	1.7
7.4	7.2	1.443
7.6	7.2	1.332
7.8	7.2	1.366
8	7.2	1
8.2	7.2	1.062
8.4	7.2	1
8.6	7.2	1.007
8.8	7.2	1
9	7.2	1
9.2	7.2	1
9.4	7.2	1
9.6	7.2	1
9.8	7.2	1.123
10	7.2	1.08
10.2	7.2	1.212
10.4	7.2	1.368
10.6	7.2	1.277
10.8	7.2	1.263
11	7.2	1.2
11.2	7.2	1
11.4	7.2	1
11.6	7.2	1
11.8	7.2	1
12	7.2	1
12.2	7.2	1
12.4	7.2	1
12.6	7.2	1
12.8	7.2	1.016
13	7.2	1
13.2	7.2	1.062
13.4	7.2	1.117
13.6	7.2	1.194
13.8	7.2	1.008
14	7.2	1
14.2	7.2	1
14.4	7.2	1
14.6	7.2	1
14.8	7.2	1
15	7.2	1
15.2	7.2	1
15.4	7.2	1
15.6	7.2	1
15.8	7.2	1.117
16	7.2	1.32
16.2	7.2	1.254
16.4	7.2	1.133
16.6	7.2	1
16.8	7.2	1
17	7.2	1
17.2	7.2	1.033
17.4	7.2	1.012
17.6	7.2	1
17.8	7.2	1.008
18	7.2	1.002
18.2	7.2	1.182
18.4	7.2	1.281
18.6	7.2	1.306
18.8	7.2	1.153
19	7.2	1.155
19.2	7.2	1.249
19.4	7.2	1
19.6	7.2	1
19.8	7.2	1
20	7.2	1
0	7.4	5.249
0.2	7.4	4.926
0.4	7.4	4.788
0.6	7.4	4.613
0.8	7.4	4.672
1	7.4	4.612
1.2	7.4	4.78
1.4	7.4	4.896
1.6	7.4	4.601
1.8	7.4	4.522
2	7.4	4.807
2.2	7.4	4.736
2.4	7.4	4.858
2.6	7.4	4.577
2.8	7.4	4.341
3	7.4	4.197
3.2	7.4	4.154
3.4	7.4	3.984
3.6	7.4	3.841
3.8	7.4	3.698
4	7.4	3.451
4.2	7.4	3.496
4.4	7.4	3.324
4.6	7.4	3.466
4.8	7.4	3.537
5	7.4	3.367
5.2	7.4	3.178
5.4	7.4	2.91
5.6	7.4	2.835
5.8	7.4	2.666
6	7.4	2.445
6.2	7.4	2.238
6.4	7.4	1.957
6.6	7.4	1.654
6.8	7.4	1.482
7	7.4	1.602
7.2	7.4	1.584
7.4	7.4	1.523
7.6	7.4	1.177
7.8	7.4	1.022
8	7.4	1.133
8.2	7.4	1.118
8.4	7.4	1
8.6	7.4	1.067
8.8	7.4	1
9	7.4	1
9.2	7.4	1
9.4	7.4	1
9.6	7.4	1
9.8	7.4	1.014
10	7.4	1.066
10.2	7.4	1.206
10.4	7.4	1.059
10.6	7.4	1.134
10.8	7.4	1.349
11	7.4	1.162
11.2	7.4	1.121
11.4	7.4	1
11.6	7.4	1
11.8	7.4	1
12	7.4	1
12.2	7.4	1
12.4	7.4	1
12.6	7.4	1
12.8	7.4	1
13	7.4	1.069
13.2	7.4	1.226
13.4	7.4	1.327
13.6	7.4	1
13.8	7.4	1
14	7.4	1
14.2	7.4	1
14.4	7.4	1
14.6	7.4	1
14.8	7.4	1
15	7.4	1
15.2	7.4	1
15.4	7.4	1.039
15.6	7.4	1.041
15.8	7.4	1.218
16	7.4	1.26
16.2	7.4	1.292
16.4	7.4	1.034
16.6	7.4	1.066
16.8	7.4	1.074
17	7.4	1
17.2	7.4	1
17.4	7.4	1
17.6	7.4	1
17.8	7.4	1
18	7.4	1
18.2	7.4	1.131
18.4	7.4	1.113
18.6	7.4	1.118
18.8	7.4	1.304
19	7.4	1.069
19.2	7.4	1.014
19.4	7.4	1.19
19.6	7.4	1.045
19.8	7.4	1
20	7.4	1
0	7.6	4.878
0.2	7.6	4.752
0.4	7.6	4.551
0.6	7.6	4.615
0.8	7.6	4.633
1	7.6	4.712
1.2	7.6	4.481
1.4	7.6	4.203
1.6	7.6	4.369
1.8	7.6	4.666
2	7.6	4.608
2.2	7.6	4.497
2.4	7.6	4.52
2.6	7.6	4.246
2.8	7.6	4.029
3	7.6	3.988
3.2	7.6	3.925
3.4	7.6	3.638
3.6	7.6	3.507
3.8	7.6	3.395
4	7.6	3.218
4.2	7.6	3.246
4.4	7.6	3.152
4.6	7.6	3.325
4.8	7.6	3.107
5	7.6	3.186
5.2	7.6	2.749
5.4	7.6	2.661
5.6	7.6	2.668
5.8	7.6	2.618
6	7.6	2.281
6.2	7.6	2.017
6.4	7.6	1.715
6.6	7.6	1.471
6.8	7.6	1.454
7	7.6	1.366
7.2	7.6	1.283
7.4	7.6	1.27
7.6	7.6	1.016
7.8	7.6	1.157
8	7.6	1.087
8.2	7.6	1.252
8.4	7.6	1.139
8.6	7.6	1.15
8.8	7.6	1
9	7.6	1
9.2	7.6	1
9.4	7.6	1
9.6	7.6	1
9.8	7.6	1
10	7.6	1
10.2	7.6	1
10.4	7.6	1
10.6	7.6	1.067
10.8	7.6	1.025
11	7.6	1.05
11.2	7.6	1.038
11.4	7.6	1
11.6	7.6	1
11.8	7.6	1
12	7.6	1
12.2	7.6	1
12.4	7.6	1
12.6	7.6	1
12.8	7.6	1
13	7.6	1.125
13.2	7.6	1.131
13.4	7.6	1.466
13.6	7.6	1.055
13.8	7.6	1
14	7.6	1
14.2	7.6	1
14.4	7.6	1.089
14.6	7.6	1.131
14.8	7.6	1
15	7.6	1
15.2	7.6	1
15.4	7.6	1
15.6	7.6	1.117
15.8	7.6	1.166
16	7.6	1.21
16.2	7.6	1.145
16.4	7.6	1.078
16.6	7.6	1.01
16.8	7.6	1
17	7.6	1.023
17.2	7.6	1
17.4	7.6	1
17.6	7.6	1
17.8	7.6	1
18	7.6	1
18.2	7.6	1
18.4	7.6	1.019
18.6	7.6	1.149
18.8	7.6	1.105
19	7.6	1.193
19.2	7.6	1.175
19.4	7.6	1.145
19.6	7.6	1.124
19.8	7.6	1
20	7.6	1
0	7.8	4.788
0.2	7.8	4.59
0.4	7.8	4.513
0.6	7.8	4.448
0.8	7.8	4.514
1	7.8	4.441
1.2	7.8	4.205
1.4	7.8	4.242
1.6	7.8	4.008
1.8	7.8	4.25
2	7.8	4.313
2.2	7.8	4.225
2.4	7.8	4.357
2.6	7.8	4.023
2.8	7.8	3.89
3	7.8	3.842
3.2	7.8	3.564
3.4	7.8	3.473
3.6	7.8	3.375
3.8	7.8	3.043
4	7.8	2.928
4.2	7.8	3.098
4.4	7.8	3.126
4.6	7.8	3.034
4.8	7.8	2.857
5	7.8	2.75
5.2	7.8	2.61
5.4	7.8	2.53
5.6	7.8	2.433
5.8	7.8	2.287
6	7.8	1.985
6.2	7.8	1.658
6.4	7.8	1.586
6.6	7.8	1.475
6.8	7.8	1.535
7	7.8	1.269
7.2	7.8	1.212
7.4	7.8	1.102
7.6	7.8	1.095
7.8	7.8	1.263
8	7.8	1.352
8.2	7.8	1.324
8.4	7.8	1.173
8.6	7.8	1
8.8	7.8	1
9	7.8	1
9.2	7.8	1
9.4	7.8	1
9.6	7.8	1
9.8	7.8	1
10	7.8	1
10.2	7.8	1
10.4	7.8	1
10.6	7.8	1.139
10.8	7.8	1.098
11	7.8	1.098
11.2	7.8	1
11.4	7.8	1
11.6	7.8	1
11.8	7.8	1
12	7.8	1
12.2	7.8	1
12.4	7.8	1
12.6	7.8	1
12.8	7.8	1.204
13	7.8	1.304
13.2	7.8	1.25
13.4	7.8	1.229
13.6	7.8	1.219
13.8	7.8	1.06
14	7.8	1.211
14.2	7.8	1.143
14.4	7.8	1.082
14.6	7.8	1.007
14.8	7.8	1
15	7.8	1
15.2	7.8	1
15.4	7.8	1.168
15.6	7.8	1.228
15.8	7.8	1.144
16	7.8	1.126
16.2	7.8	1.101
16.4	7.8	1.113
16.6	7.8	1
16.8	7.8	1
17	7.8	1
17.2	7.8	1
17.4	7.8	1
17.6	7.8	1
17.8	7.8	1
18	7.8	1
18.2	7.8	1
18.4	7.8	1
18.6	7.8	1.045
18.8	7.8	1.107
19	7.8	1.089
19.2	7.8	1.205
19.4	7.8	1.316
19.6	7.8	1.005
19.8	7.8	1
20	7.8	1
0	8	4.462
0.2	8	4.421
0.4	8	4.428
0.6	8	4.272
0.8	8	4.19
1	8	4.087
1.2	8	3.951
1.4	8	3.884
1.6	8	3.968
1.8	8	4.053
2	8	4.121
2.2	8	3.965
2.4	8	3.898
2.6	8	3.743
2.8	8	3.781
3	8	3.686
3.2	8	3.561
3.4	8	3.306
3.6	8	3.048
3.8	8	2.827
4	8	2.797
4.2	8	2.862
4.4	8	2.703
4.6	8	2.629
4.8	8	2.595
5	8	2.548
5.2	8	2.43
5.4	8	2.464
5.6	8	2.355
5.8	8	1.968
6	8	1.851
6.2	8	1.611
6.4	8	1.452
6.6	8	1.486
6.8	8	1.182
7	8	1.073
7.2	8	1
7.4	8	1.024
7.6	8	1.129
7.8	8	1.247
8	8	1.449
8.2	8	1.389
8.4	8	1.19
8.6	8	1.003
8.8	8	1.022
9	8	1
9.2	8	1
9.4	8	1
9.6	8	1
9.8	8	1
10	8	1
10.2	8	1
10.4	8	1
10.6	8	1.011
10.8	8	1.103
11	8	1
11.2	8	1
11.4	8	1
11.6	8	1
11.8	8	1
12	8	1
12.2	8	1
12.4	8	1
12.6	8	1.033
12.8	8	1.036
13	8	1.262
13.2	8	1.051
13.4	8	1.327
13.6	8	1.324
13.8	8	1.226
14	8	1.292
14.2	8	1.259
14.4	8	1.05
14.6	8	1
14.8	8	1
15	8	1
15.2	8	1.066
15.4	8	1.155
15.6	8	1.06
15.8	8	1.038
16	8	1.024
16.2	8	1.153
16.4	8	1.056
16.6	8	1.161
16.8	8	1.095
17	8	1
17.2	8	1
17.4	8	1
17.6	8	1
17.8	8	1
18	8	1
18.2	8	1
18.4	8	1
18.6	8	1
18.8	8	1
19	8	1.133
19.2	8	1.311
19.4	8	1.13
19.6	8	1
19.8	8	1
20	8	1
0	8.2	4.548
0.2	8.2	4.333
0.4	8.2	4.28
0.6	8.2	4.332
0.8	8.2	3.897
1	8.2	3.872
1.2	8.2	3.921
1.4	8.2	3.748
1.6	8.2	3.659
1.8	8.2	3.773
2	8.2	3.863
2.2	8.2	3.688
2.4	8.2	3.531
2.6	8.2	3.524
2.8	8.2	3.504
3	8.2	3.466
3.2	8.2	3.328
3.4	8.2	3.043
3.6	8.2	2.779
3.8	8.2	2.517
4	8.2	2.472
4.2	8.2	2.579
4.4	8.2	2.346
4.6	8.2	2.335
4.8	8.2	2.316
5	8.2	2.206
5.2	8.2	2.247
5.4	8.2	2.294
5.6	8.2	2.201
5.8	8.2	2.013
6	8.2	1.735
6.2	8.2	1.51
6.4	8.2	1.325
6.6	8.2	1.187
6.8	8.2	1.077
7	8.2	1.044
7.2	8.2	1.035
7.4	8.2	1
7.6	8.2	1.167
7.8	8.2	1.452
8	8.2	1.391
8.2	8.2	1.191
8.4	8.2	1.365
8.6	8.2	1.074
8.8	8.2	1.057
9	8.2	1.021
9.2	8.2	1
9.4	8.2	1
9.6	8.2	1
9.8	8.2	1
10	8.2	1
10.2	8.2	1
10.4	8.2	1
10.6	8.2	1.109
10.8	8.2	1
11	8.2	1
11.2	8.2	1
11.4	8.2	1
11.6	8.2	1
11.8	8.2	1
12	8.2	1
12.2	8.2	1
12.4	8.2	1
12.6	8.2	1.034
12.8	8.2	1.057
13	8.2	1.166
13.2	8.2	1.262
13.4	8.2	1.301
13.6	8.2	1.239
13.8	8.2	1.339
14	8.2	1.377
14.2	8.2	1.315
14.4	8.2	1.105
14.6	8.2	1
14.8	8.2	1.031
15	8.2	1.059
15.2	8.2	1.072
15.4	8.2	1.205
15.6	8.2	1.02
15.8	8.2	1.161
16	8.2	1.104
16.2	8.2	1.393
16.4	8.2	1.083
16.6	8.2	1.076
16.8	8.2	1.018
17	8.2	1
17.2	8.2	1
17.4	8.2	1
17.6	8.2	1
17.8	8.2	1
18	8.2	1
18.2	8.2	1
18.4	8.2	1
18.6	8.2	1.025
18.8	8.2	1.136
19	8.2	1.198
19.2	8.2	1.183
19.4	8.2	1.068
19.6	8.2	1.044
19.8	8.2	1
20	8.2	1
0	8.4	4.035
0.2	8.4	4.122
0.4	8.4	4.168
0.6	8.4	4.005
0.8	8.4	3.832
1	8.4	3.702
1.2	8.4	3.549
1.4	8.4	3.715
1.6	8.4	3.564
1.8	8.4	3.487
2	8.4	3.468
2.2	8.4	3.222
2.4	8.4	3.305
2.6	8.4	3.462
2.8	8.4	3.196
3	8.4	3.264
3.2	8.4	3.053
3.4	8.4	2.665
3.6	8.4	2.554
3.8	8.4	2.529
4	8.4	2.329
4.2	8.4	2.33
4.4	8.4	2.079
4.6	8.4	2.007
4.8	8.4	1.98
5	8.4	2.132
5.2	8.4	2.238
5.4	8.4	2.073
5.6	8.4	1.822
5.8	8.4	1.63
6	8.4	1.572
6.2	8.4	1.563
6.4	8.4	1.329
6.6	8.4	1.103
6.8	8.4	1.095
7	8.4	1
7.2	8.4	1
7.4	8.4	1.068
7.6	8.4	1.408
7.8	8.4	1.179
8	8.4	1.428
8.2	8.4	1.242
8.4	8.4	1.165
8.6	8.4	1.29
8.8	8.4	1.063
9	8.4	1
9.2	8.4	1
9.4	8.4	1
9.6	8.4	1
9.8	8.4	1
10	8.4	1
10.2	8.4	1
10.4	8.4	1
10.6	8.4	1
10.8	8.4	1
11	8.4	1
11.2	8.4	1.099
11.4	8.4	1
11.6	8.4	1
11.8	8.4	1
12	8.4	1
12.2	8.4	1
12.4	8.4	1
12.6	8.4	1
12.8	8.4	1.071
13	8.4	1.268
13.2	8.4	1.171
13.4	8.4	1.041
13.6	8.4	1.376
13.8	8.4	1.436
14	8.4	1.417
14.2	8.4	1.309
14.4	8.4	1.13
14.6	8.4	1.027
14.8	8.4	1.065
15	8.4	1.003
15.2	8.4	1
15.4	8.4	1.263
15.6	8.4	1
15.8	8.4	1.006
16	8.4	1
16.2	8.4	1.18
16.4	8.4	1.111
16.6	8.4	1.053
16.8	8.4	1.009
17	8.4	1
17.2	8.4	1
17.4	8.4	1
17.6	8.4	1
17.8	8.4	1
18	8.4	1
18.2	8.4	1
18.4	8.4	1
18.6	8.4	1
18.8	8.4	1.093
19	8.4	1.099
19.2	8.4	1.107
19.4	8.4	1.031
19.6	8.4	1
19.8	8.4	1.16
20	8.4	1.084
0	8.6	3.932
0.2	8.6	3.974
0.4	8.6	3.97
0.6	8.6	3.703
0.8	8.6	3.425
1	8.6	3.534
1.2	8.6	3.5
1.4	8.6	3.403
1.6	8.6	3.242
1.8	8.6	3.224
2	8.6	3.014
2.2	8.6	3.038
2.4	8.6	3.101
2.6	8.6	3.238
2.8	8.6	3.049
3	8.6	2.847
3.2	8.6	2.812
3.4	8.6	2.501
3.6	8.6	2.381
3.8	8.6	2.225
4	8.6	2.075
4.2	8.6	1.784
4.4	8.6	1.9
4.6	8.6	1.815
4.8	8.6	1.818
5	8.6	1.898
5.2	8.6	1.98
5.4	8.6	1.707
5.6	8.6	1.631
5.8	8.6	1.442
6	8.6	1.569
6.2	8.6	1.398
6.4	8.6	1.008
6.6	8.6	1
6.8	8.6	1.004
7	8.6	1
7.2	8.6	1
7.4	8.6	1.367
7.6	8.6	1.353
7.8	8.6	1.398
8	8.6	1.265
8.2	8.6	1.328
8.4	8.6	1.223
8.6	8.6	1.225
8.8	8.6	1.239
9	8.6	1
9.2	8.6	1
9.4	8.6	1
9.6	8.6	1
9.8	8.6	1
10	8.6	1
10.2	8.6	1
10.4	8.6	1
10.6	8.6	1
10.8	8.6	1
11	8.6	1
11.2	8.6	1
11.4	8.6	1
11.6	8.6	1
11.8	8.6	1
12	8.6	1
12.2	8.6	1
12.4	8.6	1
12.6	8.6	1
12.8	8.6	1.008
13	8.6	1.028
13.2	8.6	1
13.4	8.6	1.396
13.6	8.6	1.418
13.8	8.6	1.548
14	8.6	1.368
14.2	8.6	1.282
14.4	8.6	1.108
14.6	8.6	1.225
14.8	8.6	1.147
15	8.6	1.133
15.2	8.6	1.148
15.4	8.6	1.055
15.6	8.6	1
15.8	8.6	1
16	8.6	1.059
16.2	8.6	1.102
16.4	8.6	1.205
16.6	8.6	1.037
16.8	8.6	1
17	8.6	1
17.2	8.6	1
17.4	8.6	1
17.6	8.6	1
17.8	8.6	1
18	8.6	1
18.2	8.6	1
18.4	8.6	1
18.6	8.6	1
18.8	8.6	1.099
19	8.6	1
19.2	8.6	1
19.4	8.6	1.09
19.6	8.6	1
19.8	8.6	1.157
20	8.6	1.055
0	8.8	3.805
0.2	8.8	3.718
0.4	8.8	3.732
0.6	8.8	3.55
0.8	8.8	3.545
1	8.8	3.369
1.2	8.8	3.247
1.4	8.8	3.182
1.6	8.8	2.945
1.8	8.8	2.954
2	8.8	2.919
2.2	8.8	3.103
2.4	8.8	2.899
2.6	8.8	2.897
2.8	8.8	2.737
3	8.8	2.608
3.2	8.8	2.447
3.4	8.8	2.288
3.6	8.8	2.274
3.8	8.8	1.994
4	8.8	1.928
4.2	8.8	1.702
4.4	8.8	1.55
4.6	8.8	1.534
4.8	8.8	1.828
5	8.8	1.619
5.2	8.8	1.677
5.4	8.8	1.496
5.6	8.8	1.596
5.8	8.8	1.456
6	8.8	1.271
6.2	8.8	1.315
6.4	8.8	1.23
6.6	8.8	1.053
6.8	8.8	1.076
7	8.8	1.066
7.2	8.8	1.158
7.4	8.8	1.254
7.6	8.8	1.349
7.8	8.8	1.325
8	8.8	1.289
8.2	8.8	1.244
8.4	8.8	1.466
8.6	8.8	1.239
8.8	8.8	1.251
9	8.8	1
9.2	8.8	1
9.4	8.8	1
9.6	8.8	1
9.8	8.8	1
10	8.8	1
10.2	8.8	1
10.4	8.8	1
10.6	8.8	1
10.8	8.8	1
11	8.8	1
11.2	8.8	1
11.4	8.8	1.009
11.6	8.8	1
11.8	8.8	1
12	8.8	1
12.2	8.8	1
12.4	8.8	1
12.6	8.8	1
12.8	8.8	1
13	8.8	1.04
13.2	8.8	1.128
13.4	8.8	1.326
13.6	8.8	1.576
13.8	8.8	1.433
14	8.8	1.422
14.2	8.8	1.392
14.4	8.8	1.323
14.6	8.8	1.228
14.8	8.8	1.184
15	8.8	1
15.2	8.8	1
15.4	8.8	1
15.6	8.8	1
15.8	8.8	1.042
16	8.8	1.216
16.2	8.8	1.056
16.4	8.8	1.058
16.6	8.8	1
16.8	8.8	1
17	8.8	1
17.2	8.8	1
17.4	8.8	1
17.6	8.8	1
17.8	8.8	1
18	8.8	1
18.2	8.8	1
18.4	8.8	1
18.6	8.8	1
18.8	8.8	1
19	8.8	1.031
19.2	8.8	1.107
19.4	8.8	1.133
19.6	8.8	1.05
19.8	8.8	1.139
20	8.8	1.188
0	9	3.577
0.2	9	3.33
0.4	9	3.546
0.6	9	3.362
0.8	9	3.227
1	9	3.314
1.2	9	3.069
1.4	9	2.893
1.6	9	2.797
1.8	9	2.803
2	9	2.784
2.2	9	2.727
2.4	9	2.743
2.6	9	2.687
2.8	9	2.374
3	9	2.377
3.2	9	2.159
3.4	9	2.155
3.6	9	1.981
3.8	9	1.838
4	9	1.575
4.2	9	1.144
4.4	9	1.344
4.6	9	1.417
4.8	9	1.454
5	9	1.41
5.2	9	1.491
5.4	9	1.318
5.6	9	1.298
5.8	9	1.34
6	9	1.357
6.2	9	1.236
6.4	9	1.008
6.6	9	1.054
6.8	9	1.117
7	9	1.083
7.2	9	1.268
7.4	9	1.273
7.6	9	1.365
7.8	9	1.226
8	9	1.314
8.2	9	1.388
8.4	9	1.52
8.6	9	1.221
8.8	9	1.166
9	9	1.064
9.2	9	1
9.4	9	1
9.6	9	1
9.8	9	1
10	9	1
10.2	9	1
10.4	9	1
10.6	9	1
10.8	9	1.002
11	9	1.006
11.2	9	1
11.4	9	1
11.6	9	1
11.8	9	1
12	9	1
12.2	9	1
12.4	9	1
12.6	9	1
12.8	9	1
13	9	1
13.2	9	1.35
13.4	9	1.343
13.6	9	1.417
13.8	9	1.416
14	9	1.538
14.2	9	1.144
14.4	9	1.284
14.6	9	1.56
14.8	9	1.299
15	9	1.014
15.2	9	1
15.4	9	1
15.6	9	1.04
15.8	9	1.212
16	9	1.144
16.2	9	1.037
16.4	9	1.065
16.6	9	1
16.8	9	1
17	9	1
17.2	9	1
17.4	9	1
17.6	9	1
17.8	9	1
18	9	1
18.2	9	1
18.4	9	1
18.6	9	1
18.8	9	1
19	9	1.037
19.2	9	1
19.4	9	1.244
19.6	9	1.251
19.8	9	1.224
20	9	1.059
0	9.2	3.299
0.2	9.2	3.206
0.4	9.2	3.228
0.6	9.2	3.167
0.8	9.2	3.082
1	9.2	3.149
1.2	9.2	2.929
1.4	9.2	2.644
1.6	9.2	2.522
1.8	9.2	2.436
2	9.2	2.387
2.2	9.2	2.477
2.4	9.2	2.372
2.6	9.2	2.231
2.8	9.2	2.054
3	9.2	2.073
3.2	9.2	2.091
3.4	9.2	1.898
3.6	9.2	1.977
3.8	9.2	1.602
4	9.2	1.407
4.2	9.2	1.235
4.4	9.2	1.295
4.6	9.2	1.107
4.8	9.2	1
5	9.2	1.086
5.2	9.2	1.114
5.4	9.2	1.076
5.6	9.2	1.192
5.8	9.2	1.418
6	9.2	1.392
6.2	9.2	1.364
6.4	9.2	1.116
6.6	9.2	1.033
6.8	9.2	1.262
7	9.2	1.2
7.2	9.2	1.182
7.4	9.2	1.173
7.6	9.2	1.145
7.8	9.2	1.16
8	9.2	1.2
8.2	9.2	1.284
8.4	9.2	1.418
8.6	9.2	1.297
8.8	9.2	1.258
9	9.2	1.018
9.2	9.2	1
9.4	9.2	1
9.6	9.2	1
9.8	9.2	1
10	9.2	1
10.2	9.2	1
10.4	9.2	1
10.6	9.2	1
10.8	9.2	1
11	9.2	1
11.2	9.2	1
11.4	9.2	1
11.6	9.2	1
11.8	9.2	1
12	9.2	1
12.2	9.2	1
12.4	9.2	1
12.6	9.2	1
12.8	9.2	1
13	9.2	1
13.2	9.2	1.314
13.4	9.2	1.299
13.6	9.2	1.375
13.8	9.2	1.549
14	9.2	1.49
14.2	9.2	1.422
14.4	9.2	1.488
14.6	9.2	1.416
14.8	9.2	1.035
15	9.2	1.006
15.2	9.2	1
15.4	9.2	1
15.6	9.2	1.036
15.8	9.2	1.156
16	9.2	1.026
16.2	9.2	1
16.4	9.2	1
16.6	9.2	1
16.8	9.2	1
17	9.2	1
17.2	9.2	1.008
17.4	9.2	1
17.6	9.2	1
17.8	9.2	1
18	9.2	1
18.2	9.2	1
18.4	9.2	1
18.6	9.2	1
18.8	9.2	1
19	9.2	1
19.2	9.2	1.065
19.4	9.2	1.213
19.6	9.2	1.248
19.8	9.2	1.224
20	9.2	1.174
0	9.4	2.903
0.2	9.4	2.913
0.4	9.4	2.873
0.6	9.4	3.104
0.8	9.4	3.019
1	9.4	2.899
1.2	9.4	2.524
1.4	9.4	2.567
1.6	9.4	2.246
1.8	9.4	2.271
2	9.4	2.32
2.2	9.4	2.128
2.4	9.4	2.062
2.6	9.4	2.011
2.8	9.4	2.16
3	9.4	1.934
3.2	9.4	1.999
3.4	9.4	1.84
3.6	9.4	1.551
3.8	9.4	1.193
4	9.4	1.17
4.2	9.4	1
4.4	9.4	1.104
4.6	9.4	1
4.8	9.4	1
5	9.4	1
5.2	9.4	1
5.4	9.4	1.004
5.6	9.4	1.274
5.8	9.4	1.272
6	9.4	1.243
6.2	9.4	1.268
6.4	9.4	1.204
6.6	9.4	1.16
6.8	9.4	1.321
7	9.4	1.177
7.2	9.4	1.242
7.4	9.4	1.168
7.6	9.4	1.025
7.8	9.4	1.115
8	9.4	1.345
8.2	9.4	1.591
8.4	9.4	1.463
8.6	9.4	1.161
8.8	9.4	1
9	9.4	1.09
9.2	9.4	1
9.4	9.4	1
9.6	9.4	1
9.8	9.4	1
10	9.4	1
10.2	9.4	1
10.4	9.4	1
10.6	9.4	1
10.8	9.4	1
11	9.4	1
11.2	9.4	1
11.4	9.4	1
11.6	9.4	1
11.8	9.4	1.069
12	9.4	1
12.2	9.4	1
12.4	9.4	1
12.6	9.4	1
12.8	9.4	1
13	9.4	1.061
13.2	9.4	1.222
13.4	9.4	1.33
13.6	9.4	1.164
13.8	9.4	1.544
14	9.4	1.454
14.2	9.4	1.582
14.4	9.4	1.421
14.6	9.4	1.38
14.8	9.4	1.182
15	9.4	1.193
15.2	9.4	1
15.4	9.4	1.077
15.6	9.4	1
15.8	9.4	1
16	9.4	1
16.2	9.4	1.028
16.4	9.4	1
16.6	9.4	1
16.8	9.4	1
17	9.4	1
17.2	9.4	1
17.4	9.4	1
17.6	9.4	1
17.8	9.4	1
18	9.4	1
18.2	9.4	1
18.4	9.4	1
18.6	9.4	1
18.8	9.4	1
19	9.4	1
19.2	9.4	1.018
19.4	9.4	1.222
19.6	9.4	1.3
19.8	9.4	1.246
20	9.4	1.184
0	9.6	2.64
0.2	9.6	2.758
0.4	9.6	2.807
0.6	9.6	2.851
0.8	9.6	2.956
1	9.6	2.466
1.2	9.6	2.363
1.4	9.6	2.303
1.6	9.6	2
1.8	9.6	2.025
2	9.6	1.973
2.2	9.6	1.889
2.4	9.6	1.661
2.6	9.6	1.768
2.8	9.6	1.772
3	9.6	1.768
3.2	9.6	1.596
3.4	9.6	1.502
3.6	9.6	1.188
3.8	9.6	1.021
4	9.6	1.088
4.2	9.6	1
4.4	9.6	1
4.6	9.6	1
4.8	9.6	1
5	9.6	1
5.2	9.6	1
5.4	9.6	1.019
5.6	9.6	1.314
5.8	9.6	1.366
6	9.6	1.345
6.2	9.6	1.169
6.4	9.6	1.204
6.6	9.6	1.299
6.8	9.6	1.246
7	9.6	1.234
7.2	9.6	1.206
7.4	9.6	1.083
7.6	9.6	1.156
7.8	9.6	1.377
8	9.6	1.356
8.2	9.6	1.509
8.4	9.6	1.404
8.6	9.6	1.134
8.8	9.6	1.07
9	9.6	1.036
9.2	9.6	1
9.4	9.6	1
9.6	9.6	1
9.8	9.6	1
10	9.6	1
10.2	9.6	1
10.4	9.6	1
10.6	9.6	1
10.8	9.6	1
11	9.6	1
11.2	9.6	1
11.4	9.6	1
11.6	9.6	1
11.8	9.6	1
12	9.6	1
12.2	9.6	1
12.4	9.6	1
12.6	9.6	1
12.8	9.6	1
13	9.6	1
13.2	9.6	1.277
13.4	9.6	1.244
13.6	9.6	1.157
13.8	9.6	1.396
14	9.6	1.547
14.2	9.6	1.672
14.4	9.6	1.52
14.6	9.6	1.464
14.8	9.6	1.24
15	9.6	1.006
15.2	9.6	1
15.4	9.6	1.158
15.6	9.6	1.126
15.8	9.6	1
16	9.6	1.008
16.2	9.6	1
16.4	9.6	1.022
16.6	9.6	1
16.8	9.6	1.168
17	9.6	1
17.2	9.6	1
17.4	9.6	1
17.6	9.6	1
17.8	9.6	1
18	9.6	1
18.2	9.6	1
18.4	9.6	1
18.6	9.6	1
18.8	9.6	1
19	9.6	1
19.2	9.6	1.101
19.4	9.6	1.337
19.6	9.6	1.29
19.8	9.6	1.192
20	9.6	1.187
0	9.8	2.489
0.2	9.8	2.632
0.4	9.8	2.581
0.6	9.8	2.65
0.8	9.8	2.392
1	9.8	2.429
1.2	9.8	2.316
1.4	9.8	2.034
1.6	9.8	1.784
1.8	9.8	1.919
2	9.8	1.668
2.2	9.8	1.541
2.4	9.8	1.548
2.6	9.8	1.508
2.8	9.8	1.486
3	9.8	1.471
3.2	9.8	1.429
3.4	9.8	1.194
3.6	9.8	1
3.8	9.8	1
4	9.8	1
4.2	9.8	1
4.4	9.8	1
4.6	9.8	1
4.8	9.8	1
5	9.8	1
5.2	9.8	1
5.4	9.8	1.088
5.6	9.8	1.261
5.8	9.8	1.351
6	9.8	1.201
6.2	9.8	1.319
6.4	9.8	1.337
6.6	9.8	1.221
6.8	9.8	1.48
7	9.8	1.113
7.2	9.8	1.155
7.4	9.8	1.122
7.6	9.8	1.183
7.8	9.8	1.239
8	9.8	1.423
8.2	9.8	1.226
8.4	9.8	1.282
8.6	9.8	1.182
8.8	9.8	1.149
9	9.8	1.215
9.2	9.8	1.18
9.4	9.8	1
9.6	9.8	1
9.8	9.8	1
10	9.8	1
10.2	9.8	1
10.4	9.8	1
10.6	9.8	1
10.8	9.8	1
11	9.8	1
11.2	9.8	1
11.4	9.8	1
11.6	9.8	1.015
11.8	9.8	1
12	9.8	1
12.2	9.8	1
12.4	9.8	1
12.6	9.8	1
12.8	9.8	1.109
13	9.8	1.088
13.2	9.8	1.071
13.4	9.8	1.083
13.6	9.8	1.228
13.8	9.8	1.335
14	9.8	1.639
14.2	9.8	1.542
14.4	9.8	1.605
14.6	9.8	1.337
14.8	9.8	1.161
15	9.8	1.147
15.2	9.8	1
15.4	9.8	1.078
15.6	9.8	1
15.8	9.8	1
16	9.8	1
16.2	9.8	1
16.4	9.8	1.066
16.6	9.8	1.147
16.8	9.8	1
17	9.8	1
17.2	9.8	1
17.4	9.8	1
17.6	9.8	1
17.8	9.8	1
18	9.8	1
18.2	9.8	1
18.4	9.8	1
18.6	9.8	1
18.8	9.8	1
19	9.8	1
19.2	9.8	1.185
19.4	9.8	1.191
19.6	9.8	1.055
19.8	9.8	1.19
20	9.8	1.349
0	10	2.211
0.2	10	2.346
0.4	10	2.514
0.6	10	2.335
0.8	10	2.256
1	10	2.084
1.2	10	1.935
1.4	10	1.839
1.6	10	1.779
1.8	10	1.628
2	10	1.36
2.2	10	1.365
2.4	10	1.174
2.6	10	1.268
2.8	10	1.298
3	10	1.307
3.2	10	1
3.4	10	1.04
3.6	10	1
3.8	10	1
4	10	1
4.2	10	1
4.4	10	1
4.6	10	1
4.8	10	1
5	10	1
5.2	10	1
5.4	10	1.067
5.6	10	1.221
5.8	10	1.136
6	10	1.16
6.2	10	1.268
6.4	10	1.404
6.6	10	1.385
6.8	10	1.372
7	10	1.288
7.2	10	1.02
7.4	10	1.052
7.6	10	1.082
7.8	10	1.441
8	10	1.321
8.2	10	1.3
8.4	10	1.122
8.6	10	1.238
8.8	10	1.305
9	10	1.216
9.2	10	1.19
9.4	10	1.079
9.6	10	1
9.8	10	1
10	10	1
10.2	10	1
10.4	10	1
10.6	10	1
10.8	10	1
11	10	1
11.2	10	1
11.4	10	1
11.6	10	1
11.8	10	1
12	10	1
12.2	10	1
12.4	10	1
12.6	10	1
12.8	10	1.118
13	10	1.05
13.2	10	1.087
13.4	10	1.093
13.6	10	1.217
13.8	10	1.51
14	10	1.584
14.2	10	1.448
14.4	10	1.44
14.6	10	1.355
14.8	10	1.257
15	10	1.379
15.2	10	1.231
15.4	10	1.175
15.6	10	1
15.8	10	1
16	10	1
16.2	10	1
16.4	10	1.013
16.6	10	1
16.8	10	1
17	10	1
17.2	10	1
17.4	10	1
17.6	10	1
17.8	10	1
18	10	1
18.2	10	1
18.4	10	1
18.6	10	1
18.8	10	1
19	10	1
19.2	10	1.129
19.4	10	1
19.6	10	1.131
19.8	10	1.141
20	10	1.469
0	10.2	1.946
0.2	10.2	2.108
0.4	10.2	2.262
0.6	10.2	2.142
0.8	10.2	1.899
1	10.2	1.812
1.2	10.2	1.829
1.4	10.2	1.654
1.6	10.2	1.386
1.8	10.2	1.345
2	10.2	1.037
2.2	10.2	1.178
2.4	10.2	1.061
2.6	10.2	1.015
2.8	10.2	1.028
3	10.2	1
3.2	10.2	1
3.4	10.2	1
3.6	10.2	1
3.8	10.2	1
4	10.2	1
4.2	10.2	1
4.4	10.2	1
4.6	10.2	1
4.8	10.2	1
5	10.2	1
5.2	10.2	1.009
5.4	10.2	1
5.6	10.2	1.016
5.8	10.2	1.086
6	10.2	1.246
6.2	10.2	1.373
6.4	10.2	1.683
6.6	10.2	1.313
6.8	10.2	1.293
7	10.2	1.204
7.2	10.2	1.113
7.4	10.2	1.163
7.6	10.2	1.132
7.8	10.2	1.242
8	10.2	1.245
8.2	10.2	1.204
8.4	10.2	1.25
8.6	10.2	1.386
8.8	10.2	1.386
9	10.2	1.253
9.2	10.2	1
9.4	10.2	1
9.6	10.2	1
9.8	10.2	1
10	10.2	1
10.2	10.2	1
10.4	10.2	1
10.6	10.2	1
10.8	10.2	1
11	10.2	1
11.2	10.2	1
11.4	10.2	1
11.6	10.2	1
11.8	10.2	1
12	10.2	1
12.2	10.2	1
12.4	10.2	1
12.6	10.2	1.014
12.8	10.2	1
13	10.2	1
13.2	10.2	1.061
13.4	10.2	1.169
13.6	10.2	1.34
13.8	10.2	1.529
14	10.2	1.361
14.2	10.2	1.596
14.4	10.2	1.456
14.6	10.2	1.467
14.8	10.2	1.4
15	10.2	1.323
15.2	10.2	1.172
15.4	10.2	1.047
15.6	10.2	1
15.8	10.2	1
16	10.2	1
16.2	10.2	1
16.4	10.2	1.149
16.6	10.2	1
16.8	10.2	1
17	10.2	1
17.2	10.2	1
17.4	10.2	1
17.6	10.2	1
17.8	10.2	1
18	10.2	1
18.2	10.2	1
18.4	10.2	1
18.6	10.2	1
18.8	10.2	1
19	10.2	1.123
19.2	10.2	1.007
19.4	10.2	1.041
19.6	10.2	1.088
19.8	10.2	1.296
20	10.2	1.488
0	10.4	1.856
0.2	10.4	1.947
0.4	10.4	1.897
0.6	10.4	1.672
0.8	10.4	1.748
1	10.4	1.572
1.2	10.4	1.503
1.4	10.4	1.521
1.6	10.4	1.34
1.8	10.4	1.14
2	10.4	1
2.2	10.4	1
2.4	10.4	1
2.6	10.4	1
2.8	10.4	1
3	10.4	1
3.2	10.4	1
3.4	10.4	1
3.6	10.4	1
3.8	10.4	1
4	10.4	1
4.2	10.4	1
4.4	10.4	1
4.6	10.4	1
4.8	10.4	1
5	10.4	1
5.2	10.4	1
5.4	10.4	1.084
5.6	10.4	1
5.8	10.4	1.154
6	10.4	1.21
6.2	10.4	1.492
6.4	10.4	1.466
6.6	10.4	1.387
6.8	10.4	1.16
7	10.4	1.099
7.2	10.4	1.234
7.4	10.4	1.334
7.6	10.4	1.233
7.8	10.4	1.079
8	10.4	1.135
8.2	10.4	1.319
8.4	10.4	1.22
8.6	10.4	1.422
8.8	10.4	1.259
9	10.4	1.213
9.2	10.4	1.096
9.4	10.4	1
9.6	10.4	1
9.8	10.4	1
10	10.4	1
10.2	10.4	1
10.4	10.4	1
10.6	10.4	1
10.8	10.4	1
11	10.4	1
11.2	10.4	1.001
11.4	10.4	1.009
11.6	10.4	1
11.8	10.4	1
12	10.4	1
12.2	10.4	1
12.4	10.4	1.002
12.6	10.4	1.061
12.8	10.4	1
13	10.4	1
13.2	10.4	1
13.4	10.4	1.134
13.6	10.4	1.347
13.8	10.4	1.281
14	10.4	1.375
14.2	10.4	1.343
14.4	10.4	1.412
14.6	10.4	1.564
14.8	10.4	1.59
15	10.4	1.27
15.2	10.4	1.201
15.4	10.4	1.016
15.6	10.4	1
15.8	10.4	1
16	10.4	1
16.2	10.4	1.079
16.4	10.4	1.011
16.6	10.4	1
16.8	10.4	1
17	10.4	1
17.2	10.4	1
17.4	10.4	1.014
17.6	10.4	1
17.8	10.4	1
18	10.4	1
18.2	10.4	1
18.4	10.4	1
18.6	10.4	1
18.8	10.4	1
19	10.4	1
19.2	10.4	1
19.4	10.4	1.014
19.6	10.4	1.156
19.8	10.4	1.361
20	10.4	1.441
0	10.6	1.384
0.2	10.6	1.504
0.4	10.6	1.562
0.6	10.6	1.318
0.8	10.6	1.476
1	10.6	1.453
1.2	10.6	1.414
1.4	10.6	1.216
1.6	10.6	1.04
1.8	10.6	1.01
2	10.6	1
2.2	10.6	1
2.4	10.6	1
2.6	10.6	1
2.8	10.6	1
3	10.6	1
3.2	10.6	1
3.4	10.6	1
3.6	10.6	1
3.8	10.6	1
4	10.6	1
4.2	10.6	1
4.4	10.6	1
4.6	10.6	1
4.8	10.6	1
5	10.6	1
5.2	10.6	1
5.4	10.6	1
5.6	10.6	1
5.8	10.6	1.086
6	10.6	1.351
6.2	10.6	1.539
6.4	10.6	1.487
6.6	10.6	1.202
6.8	10.6	1.202
7	10.6	1.126
7.2	10.6	1.191
7.4	10.6	1.327
7.6	10.6	1.019
7.8	10.6	1
8	10.6	1
8.2	10.6	1.132
8.4	10.6	1.278
8.6	10.6	1.34
8.8	10.6	1.372
9	10.6	1.022
9.2	10.6	1.128
9.4	10.6	1
9.6	10.6	1
9.8	10.6	1
10	10.6	1
10.2	10.6	1
10.4	10.6	1
10.6	10.6	1
10.8	10.6	1
11	10.6	1
11.2	10.6	1
11.4	10.6	1
11.6	10.6	1.005
11.8	10.6	1
12	10.6	1.077
12.2	10.6	1.164
12.4	10.6	1
12.6	10.6	1
12.8	10.6	1
13	10.6	1
13.2	10.6	1
13.4	10.6	1.202
13.6	10.6	1.156
13.8	10.6	1.294
14	10.6	1.321
14.2	10.6	1.415
14.4	10.6	1.375
14.6	10.6	1.424
14.8	10.6	1.455
15	10.6	1.387
15.2	10.6	1.295
15.4	10.6	1
15.6	10.6	1
15.8	10.6	1
16	10.6	1.003
16.2	10.6	1
16.4	10.6	1
16.6	10.6	1
16.8	10.6	1
17	10.6	1
17.2	10.6	1.047
17.4	10.6	1
17.6	10.6	1
17.8	10.6	1
18	10.6	1
18.2	10.6	1
18.4	10.6	1
18.6	10.6	1
18.8	10.6	1
19	10.6	1
19.2	10.6	1
19.4	10.6	1.03
19.6	10.6	1.162
19.8	10.6	1.466
20	10.6	1.227
0	10.8	1.181
0.2	10.8	1.302
0.4	10.8	1.123
0.6	10.8	1.431
0.8	10.8	1.459
1	10.8	1.512
1.2	10.8	1.407
1.4	10.8	1.176
1.6	10.8	1
1.8	10.8	1
2	10.8	1
2.2	10.8	1
2.4	10.8	1
2.6	10.8	1
2.8	10.8	1
3	10.8	1
3.2	10.8	1
3.4	10.8	1
3.6	10.8	1.05
3.8	10.8	1
4	10.8	1
4.2	10.8	1
4.4	10.8	1
4.6	10.8	1
4.8	10.8	1
5	10.8	1
5.2	10.8	1
5.4	10.8	1
5.6	10.8	1
5.8	10.8	1.278
6	10.8	1.383
6.2	10.8	1.429
6.4	10.8	1.476
6.6	10.8	1.209
6.8	10.8	1.167
7	10.8	1.198
7.2	10.8	1.22
7.4	10.8	1
7.6	10.8	1.031
7.8	10.8	1
8	10.8	1.068
8.2	10.8	1.144
8.4	10.8	1.178
8.6	10.8	1.306
8.8	10.8	1.262
9	10.8	1.055
9.2	10.8	1.018
9.4	10.8	1
9.6	10.8	1
9.8	10.8	1
10	10.8	1
10.2	10.8	1
10.4	10.8	1
10.6	10.8	1
10.8	10.8	1
11	10.8	1
11.2	10.8	1
11.4	10.8	1
11.6	10.8	1
11.8	10.8	1
12	10.8	1.057
12.2	10.8	1.074
12.4	10.8	1.036
12.6	10.8	1.029
12.8	10.8	1
13	10.8	1
13.2	10.8	1.056
13.4	10.8	1.162
13.6	10.8	1.104
13.8	10.8	1.26
14	10.8	1.225
14.2	10.8	1.223
14.4	10.8	1.484
14.6	10.8	1.508
14.8	10.8	1.398
15	10.8	1.249
15.2	10.8	1.025
15.4	10.8	1.03
15.6	10.8	1
15.8	10.8	1
16	10.8	1
16.2	10.8	1
16.4	10.8	1
16.6	10.8	1
16.8	10.8	1
17	10.8	1
17.2	10.8	1.043
17.4	10.8	1
17.6	10.8	1
17.8	10.8	1
18	10.8	1
18.2	10.8	1
18.4	10.8	1
18.6	10.8	1
18.8	10.8	1
19	10.8	1
19.2	10.8	1
19.4	10.8	1.065
19.6	10.8	1.268
19.8	10.8	1.217
20	10.8	1.23
0	11	1.141
0.2	11	1.16
0.4	11	1.246
0.6	11	1.278
0.8	11	1.316
1	11	1.556
1.2	11	1.511
1.4	11	1.177
1.6	11	1
1.8	11	1
2	11	1
2.2	11	1
2.4	11	1
2.6	11	1
2.8	11	1
3	11	1
3.2	11	1
3.4	11	1
3.6	11	1.066
3.8	11	1.015
4	11	1
4.2	11	1
4.4	11	1
4.6	11	1
4.8	11	1
5	11	1
5.2	11	1
5.4	11	1
5.6	11	1
5.8	11	1.125
6	11	1.282
6.2	11	1.236
6.4	11	1.321
6.6	11	1.246
6.8	11	1.212
7	11	1.301
7.2	11	1.239
7.4	11	1.166
7.6	11	1.001
7.8	11	1
8	11	1.033
8.2	11	1.101
8.4	11	1.125
8.6	11	1.196
8.8	11	1.1
9	11	1.237
9.2	11	1.223
9.4	11	1.17
9.6	11	1.079
9.8	11	1
10	11	1
10.2	11	1
10.4	11	1
10.6	11	1
10.8	11	1
11	11	1
11.2	11	1
11.4	11	1
11.6	11	1.064
11.8	11	1.14
12	11	1.119
12.2	11	1.106
12.4	11	1
12.6	11	1
12.8	11	1
13	11	1.146
13.2	11	1.033
13.4	11	1.107
13.6	11	1
13.8	11	1.049
14	11	1.286
14.2	11	1.366
14.4	11	1.096
14.6	11	1.507
14.8	11	1.501
15	11	1.04
15.2	11	1.21
15.4	11	1
15.6	11	1.083
15.8	11	1
16	11	1
16.2	11	1
16.4	11	1
16.6	11	1
16.8	11	1.034
17	11	1.019
17.2	11	1
17.4	11	1
17.6	11	1
17.8	11	1
18	11	1
18.2	11	1
18.4	11	1
18.6	11	1
18.8	11	1
19	11	1
19.2	11	1
19.4	11	1.144
19.6	11	1.218
19.8	11	1.144
20	11	1.181
0	11.2	1
0.2	11.2	1.026
0.4	11.2	1.177
0.6	11.2	1.335
0.8	11.2	1.431
1	11.2	1.383
1.2	11.2	1.221
1.4	11.2	1.139
1.6	11.2	1.123
1.8	11.2	1.001
2	11.2	1
2.2	11.2	1
2.4	11.2	1
2.6	11.2	1
2.8	11.2	1
3	11.2	1
3.2	11.2	1
3.4	11.2	1.014
3.6	11.2	1
3.8	11.2	1
4	11.2	1
4.2	11.2	1
4.4	11.2	1
4.6	11.2	1
4.8	11.2	1
5	11.2	1
5.2	11.2	1
5.4	11.2	1
5.6	11.2	1
5.8	11.2	1
6	11.2	1.305
6.2	11.2	1.302
6.4	11.2	1.27
6.6	11.2	1.214
6.8	11.2	1.476
7	11.2	1.268
7.2	11.2	1.148
7.4	11.2	1.131
7.6	11.2	1
7.8	11.2	1.114
8	11.2	1.037
8.2	11.2	1.054
8.4	11.2	1.048
8.6	11.2	1
8.8	11.2	1.051
9	11.2	1.215
9.2	11.2	1.232
9.4	11.2	1.18
9.6	11.2	1
9.8	11.2	1
10	11.2	1
10.2	11.2	1
10.4	11.2	1
10.6	11.2	1
10.8	11.2	1
11	11.2	1
11.2	11.2	1
11.4	11.2	1.067
11.6	11.2	1
11.8	11.2	1.123
12	11.2	1.166
12.2	11.2	1.055
12.4	11.2	1.072
12.6	11.2	1
12.8	11.2	1
13	11.2	1.054
13.2	11.2	1
13.4	11.2	1.219
13.6	11.2	1
13.8	11.2	1.034
14	11.2	1.029
14.2	11.2	1.28
14.4	11.2	1.495
14.6	11.2	1.263
14.8	11.2	1.097
15	11.2	1.18
15.2	11.2	1.24
15.4	11.2	1.105
15.6	11.2	1.007
15.8	11.2	1
16	11.2	1
16.2	11.2	1
16.4	11.2	1
16.6	11.2	1.002
16.8	11.2	1.075
17	11.2	1.125
17.2	11.2	1.034
17.4	11.2	1
17.6	11.2	1
17.8	11.2	1.017
18	11.2	1
18.2	11.2	1
18.4	11.2	1
18.6	11.2	1
18.8	11.2	1
19	11.2	1
19.2	11.2	1.03
19.4	11.2	1.136
19.6	11.2	1.017
19.8	11.2	1.135
20	11.2	1.112
0	11.4	1
0.2	11.4	1.03
0.4	11.4	1
0.6	11.4	1.485
0.8	11.4	1.373
1	11.4	1.222
1.2	11.4	1.338
1.4	11.4	1.101
1.6	11.4	1.119
1.8	11.4	1.031
2	11.4	1.101
2.2	11.4	1
2.4	11.4	1
2.6	11.4	1
2.8	11.4	1
3	11.4	1
3.2	11.4	1.096
3.4	11.4	1.213
3.6	11.4	1.004
3.8	11.4	1
4	11.4	1.025
4.2	11.4	1.143
4.4	11.4	1
4.6	11.4	1
4.8	11.4	1
5	11.4	1
5.2	11.4	1
5.4	11.4	1
5.6	11.4	1.139
5.8	11.4	1.1
6	11.4	1.008
6.2	11.4	1.07
6.4	11.4	1.33
6.6	11.4	1.405
6.8	11.4	1.339
7	11.4	1.215
7.2	11.4	1.187
7.4	11.4	1
7.6	11.4	1
7.8	11.4	1.141
8	11.4	1.023
8.2	11.4	1
8.4	11.4	1.021
8.6	11.4	1
8.8	11.4	1
9	11.4	1.221
9.2	11.4	1.321
9.4	11.4	1.168
9.6	11.4	1.027
9.8	11.4	1
10	11.4	1
10.2	11.4	1
10.4	11.4	1
10.6	11.4	1
10.8	11.4	1
11	11.4	1
11.2	11.4	1
11.4	11.4	1
11.6	11.4	1.048
11.8	11.4	1.188
12	11.4	1.124
12.2	11.4	1.102
12.4	11.4	1.035
12.6	11.4	1
12.8	11.4	1
13	11.4	1.017
13.2	11.4	1
13.4	11.4	1
13.6	11.4	1
13.8	11.4	1.065
14	11.4	1.354
14.2	11.4	1.247
14.4	11.4	1.267
14.6	11.4	1.177
14.8	11.4	1.227
15	11.4	1.206
15.2	11.4	1.121
15.4	11.4	1.126
15.6	11.4	1
15.8	11.4	1
16	11.4	1
16.2	11.4	1
16.4	11.4	1
16.6	11.4	1
16.8	11.4	1
17	11.4	1
17.2	11.4	1.009
17.4	11.4	1.105
17.6	11.4	1.099
17.8	11.4	1.138
18	11.4	1.112
18.2	11.4	1
18.4	11.4	1
18.6	11.4	1
18.8	11.4	1
19	11.4	1
19.2	11.4	1
19.4	11.4	1
19.6	11.4	1
19.8	11.4	1.137
20	11.4	1.194
0	11.6	1
0.2	11.6	1.091
0.4	11.6	1.229
0.6	11.6	1.315
0.8	11.6	1.134
1	11.6	1.215
1.2	11.6	1.109
1.4	11.6	1.039
1.6	11.6	1.147
1.8	11.6	1.201
2	11.6	1
2.2	11.6	1
2.4	11.6	1
2.6	11.6	1
2.8	11.6	1
3	11.6	1
3.2	11.6	1
3.4	11.6	1.062
3.6	11.6	1
3.8	11.6	1.005
4	11.6	1.229
4.2	11.6	1.221
4.4	11.6	1.121
4.6	11.6	1
4.8	11.6	1
5	11.6	1
5.2	11.6	1
5.4	11.6	1.028
5.6	11.6	1
5.8	11.6	1.118
6	11.6	1.071
6.2	11.6	1.082
6.4	11.6	1.301
6.6	11.6	1.457
6.8	11.6	1.456
7	11.6	1.269
7.2	11.6	1.038
7.4	11.6	1
7.6	11.6	1
7.8	11.6	1.105
8	11.6	1
8.2	11.6	1
8.4	11.6	1
8.6	11.6	1
8.8	11.6	1.059
9	11.6	1.209
9.2	11.6	1.375
9.4	11.6	1.15
9.6	11.6	1.05
9.8	11.6	1
10	11.6	1
10.2	11.6	1.008
10.4	11.6	1
10.6	11.6	1
10.8	11.6	1
11	11.6	1
11.2	11.6	1
11.4	11.6	1.013
11.6	11.6	1.119
11.8	11.6	1.158
12	11.6	1.144
12.2	11.6	1.042
12.4	11.6	1.046
12.6	11.6	1.223
12.8	11.6	1.286
13	11.6	1
13.2	11.6	1
13.4	11.6	1
13.6	11.6	1
13.8	11.6	1.05
14	11.6	1.163
14.2	11.6	1.201
14.4	11.6	1.23
14.6	11.6	1.115
14.8	11.6	1.166
15	11.6	1.222
15.2	11.6	1.098
15.4	11.6	1.043
15.6	11.6	1
15.8	11.6	1
16	11.6	1
16.2	11.6	1
16.4	11.6	1
16.6	11.6	1
16.8	11.6	1.006
17	11.6	1
17.2	11.6	1.086
17.4	11.6	1
17.6	11.6	1.217
17.8	11.6	1.067
18	11.6	1.11
18.2	11.6	1.129
18.4	11.6	1
18.6	11.6	1
18.8	11.6	1
19	11.6	1
19.2	11.6	1
19.4	11.6	1
19.6	11.6	1
19.8	11.6	1.134
20	11.6	1.105
0	11.8	1
0.2	11.8	1
0.4	11.8	1
0.6	11.8	1.231
0.8	11.8	1.092
1	11.8	1.263
1.2	11.8	1.263
1.4	11.8	1.154
1.6	11.8	1.19
1.8	11.8	1.088
2	11.8	1.035
2.2	11.8	1
2.4	11.8	1
2.6	11.8	1
2.8	11.8	1
3	11.8	1.04
3.2	11.8	1
3.4	11.8	1
3.6	11.8	1
3.8	11.8	1.113
4	11.8	1.108
4.2	11.8	1.115
4.4	11.8	1.162
4.6	11.8	1
4.8	11.8	1
5	11.8	1
5.2	11.8	1
5.4	11.8	1
5.6	11.8	1
5.8	11.8	1
6	11.8	1
6.2	11.8	1
6.4	11.8	1.311
6.6	11.8	1.3
6.8	11.8	1.19
7	11.8	1.021
7.2	11.8	1
7.4	11.8	1.001
7.6	11.8	1.111
7.8	11.8	1
8	11.8	1
8.2	11.8	1
8.4	11.8	1
8.6	11.8	1.007
8.8	11.8	1.14
9	11.8	1
9.2	11.8	1.243
9.4	11.8	1.051
9.6	11.8	1
9.8	11.8	1.021
10	11.8	1.066
10.2	11.8	1
10.4	11.8	1
10.6	11.8	1
10.8	11.8	1
11	11.8	1
11.2	11.8	1
11.4	11.8	1.118
11.6	11.8	1
11.8	11.8	1.187
12	11.8	1.072
12.2	11.8	1.095
12.4	11.8	1.009
12.6	11.8	1.141
12.8	11.8	1.124
13	11.8	1
13.2	11.8	1
13.4	11.8	1
13.6	11.8	1
13.8	11.8	1.03
14	11.8	1
14.2	11.8	1.089
14.4	11.8	1.195
14.6	11.8	1.223
14.8	11.8	1.22
15	11.8	1.227
15.2	11.8	1.172
15.4	11.8	1.07
15.6	11.8	1
15.8	11.8	1
16	11.8	1
16.2	11.8	1.031
16.4	11.8	1
16.6	11.8	1
16.8	11.8	1
17	11.8	1
17.2	11.8	1.04
17.4	11.8	1.239
17.6	11.8	1.184
17.8	11.8	1.239
18	11.8	1.028
18.2	11.8	1
18.4	11.8	1
18.6	11.8	1
18.8	11.8	1.047
19	11.8	1
19.2	11.8	1
19.4	11.8	1
19.6	11.8	1
19.8	11.8	1.07
20	11.8	1.312
0	12	1
0.2	12	1
0.4	12	1
0.6	12	1.009
0.8	12	1.129
1	12	1.11
1.2	12	1.239
1.4	12	1.295
1.6	12	1.088
1.8	12	1
2	12	1
2.2	12	1
2.4	12	1
2.6	12	1
2.8	12	1
3	12	1
3.2	12	1.067
3.4	12	1
3.6	12	1.287
3.8	12	1.129
4	12	1.205
4.2	12	1.01
4.4	12	1.087
4.6	12	1
4.8	12	1
5	12	1
5.2	12	1
5.4	12	1
5.6	12	1
5.8	12	1
6	12	1
6.2	12	1.001
6.4	12	1.175
6.6	12	1.156
6.8	12	1.158
7	12	1.13
7.2	12	1.101
7.4	12	1
7.6	12	1.065
7.8	12	1
8	12	1
8.2	12	1
8.4	12	1
8.6	12	1.089
8.8	12	1.112
9	12	1.163
9.2	12	1.115
9.4	12	1.304
9.6	12	1.22
9.8	12	1.088
10	12	1.118
10.2	12	1.036
10.4	12	1
10.6	12	1
10.8	12	1
11	12	1
11.2	12	1
11.4	12	1
11.6	12	1.023
11.8	12	1.026
12	12	1.256
12.2	12	1.249
12.4	12	1.294
12.6	12	1.158
12.8	12	1.022
13	12	1
13.2	12	1
13.4	12	1
13.6	12	1
13.8	12	1
14	12	1
14.2	12	1
14.4	12	1.043
14.6	12	1
14.8	12	1.257
15	12	1.242
15.2	12	1.092
15.4	12	1
15.6	12	1
15.8	12	1
16	12	1.016
16.2	12	1
16.4	12	1.045
16.6	12	1
16.8	12	1
17	12	1
17.2	12	1.08
17.4	12	1.187
17.6	12	1.094
17.8	12	1.281
18	12	1.016
18.2	12	1
18.4	12	1
18.6	12	1
18.8	12	1.063
19	12	1
19.2	12	1
19.4	12	1
19.6	12	1
19.8	12	1.179
20	12	1.208
0	12.2	1
0.2	12.2	1
0.4	12.2	1
0.6	12.2	1
0.8	12.2	1
1	12.2	1.131
1.2	12.2	1
1.4	12.2	1.209
1.6	12.2	1.295
1.8	12.2	1.111
2	12.2	1
2.2	12.2	1
2.4	12.2	1
2.6	12.2	1.069
2.8	12.2	1
3	12.2	1
3.2	12.2	1
3.4	12.2	1
3.6	12.2	1.116
3.8	12.2	1.297
4	12.2	1.343
4.2	12.2	1.031
4.4	12.2	1.072
4.6	12.2	1.147
4.8	12.2	1
5	12.2	1.027
5.2	12.2	1
5.4	12.2	1
5.6	12.2	1
5.8	12.2	1
6	12.2	1.026
6.2	12.2	1
6.4	12.2	1.105
6.6	12.2	1.053
6.8	12.2	1.033
7	12.2	1.105
7.2	12.2	1.099
7.4	12.2	1
7.6	12.2	1
7.8	12.2	1
8	12.2	1
8.2	12.2	1
8.4	12.2	1
8.6	12.2	1
8.8	12.2	1
9	12.2	1.182
9.2	12.2	1.016
9.4	12.2	1.203
9.6	12.2	1.147
9.8	12.2	1.197
10	12.2	1.304
10.2	12.2	1.155
10.4	12.2	1
10.6	12.2	1
10.8	12.2	1
11	12.2	1
11.2	12.2	1
11.4	12.2	1.089
11.6	12.2	1
11.8	12.2	1.169
12	12.2	1.118
12.2	12.2	1.24
12.4	12.2	1.317
12.6	12.2	1.165
12.8	12.2	1
13	12.2	1
13.2	12.2	1
13.4	12.2	1
13.6	12.2	1
13.8	12.2	1
14	12.2	1
14.2	12.2	1
14.4	12.2	1.064
14.6	12.2	1.057
14.8	12.2	1.163
15	12.2	1.177
15.2	12.2	1
15.4	12.2	1
15.6	12.2	1
15.8	12.2	1.029
16	12.2	1
16.2	12.2	1
16.4	12.2	1
16.6	12.2	1
16.8	12.2	1
17	12.2	1
17.2	12.2	1.148
17.4	12.2	1.416
17.6	12.2	1.272
17.8	12.2	1.161
18	12.2	1.187
18.2	12.2	1.198
18.4	12.2	1.062
18.6	12.2	1.063
18.8	12.2	1
19	12.2	1
19.2	12.2	1
19.4	12.2	1
19.6	12.2	1
19.8	12.2	1.032
20	12.2	1.142
0	12.4	1
0.2	12.4	1
0.4	12.4	1
0.6	12.4	1
0.8	12.4	1
1	12.4	1.163
1.2	12.4	1.158
1.4	12.4	1.132
1.6	12.4	1.099
1.8	12.4	1
2	12.4	1.034
2.2	12.4	1.256
2.4	12.4	1
2.6	12.4	1
2.8	12.4	1
3	12.4	1
3.2	12.4	1.032
3.4	12.4	1
3.6	12.4	1.298
3.8	12.4	1.502
4	12.4	1.308
4.2	12.4	1.112
4.4	12.4	1.207
4.6	12.4	1.082
4.8	12.4	1.247
5	12.4	1
5.2	12.4	1
5.4	12.4	1
5.6	12.4	1
5.8	12.4	1
6	12.4	1
6.2	12.4	1
6.4	12.4	1
6.6	12.4	1
6.8	12.4	1
7	12.4	1.063
7.2	12.4	1.157
7.4	12.4	1
7.6	12.4	1.008
7.8	12.4	1
8	12.4	1
8.2	12.4	1
8.4	12.4	1
8.6	12.4	1.087
8.8	12.4	1
9	12.4	1
9.2	12.4	1.151
9.4	12.4	1.051
9.6	12.4	1.325
9.8	12.4	1.409
10	12.4	1.237
10.2	12.4	1.133
10.4	12.4	1.115
10.6	12.4	1.099
10.8	12.4	1
11	12.4	1
11.2	12.4	1
11.4	12.4	1.052
11.6	12.4	1
11.8	12.4	1.058
12	12.4	1.213
12.2	12.4	1.241
12.4	12.4	1.271
12.6	12.4	1.327
12.8	12.4	1
13	12.4	1
13.2	12.4	1
13.4	12.4	1
13.6	12.4	1
13.8	12.4	1
14	12.4	1
14.2	12.4	1
14.4	12.4	1
14.6	12.4	1
14.8	12.4	1.155
15	12.4	1
15.2	12.4	1.134
15.4	12.4	1
15.6	12.4	1
15.8	12.4	1
16	12.4	1.024
16.2	12.4	1
16.4	12.4	1
16.6	12.4	1
16.8	12.4	1
17	12.4	1.074
17.2	12.4	1.269
17.4	12.4	1.257
17.6	12.4	1.264
17.8	12.4	1.147
18	12.4	1.392
18.2	12.4	1.197
18.4	12.4	1.326
18.6	12.4	1.06
18.8	12.4	1
19	12.4	1
19.2	12.4	1
19.4	12.4	1
19.6	12.4	1.061
19.8	12.4	1.161
20	12.4	1
0	12.6	1
0.2	12.6	1
0.4	12.6	1
0.6	12.6	1
0.8	12.6	1
1	12.6	1
1.2	12.6	1.218
1.4	12.6	1.114
1.6	12.6	1.201
1.8	12.6	1.004
2	12.6	1.085
2.2	12.6	1.024
2.4	12.6	1.021
2.6	12.6	1
2.8	12.6	1
3	12.6	1
3.2	12.6	1.021
3.4	12.6	1.142
3.6	12.6	1.186
3.8	12.6	1.324
4	12.6	1.154
4.2	12.6	1.297
4.4	12.6	1.456
4.6	12.6	1.41
4.8	12.6	1.082
5	12.6	1
5.2	12.6	1
5.4	12.6	1
5.6	12.6	1
5.8	12.6	1
6	12.6	1
6.2	12.6	1.07
6.4	12.6	1
6.6	12.6	1.017
6.8	12.6	1
7	12.6	1
7.2	12.6	1.126
7.4	12.6	1.05
7.6	12.6	1
7.8	12.6	1
8	12.6	1
8.2	12.6	1
8.4	12.6	1
8.6	12.6	1
8.8	12.6	1
9	12.6	1
9.2	12.6	1.009
9.4	12.6	1.366
9.6	12.6	1.339
9.8	12.6	1.248
10	12.6	1.205
10.2	12.6	1
10.4	12.6	1
10.6	12.6	1.176
10.8	12.6	1.063
11	12.6	1.191
11.2	12.6	1
11.4	12.6	1
11.6	12.6	1.054
11.8	12.6	1
12	12.6	1.267
12.2	12.6	1.275
12.4	12.6	1.323
12.6	12.6	1.161
12.8	12.6	1
13	12.6	1.05
13.2	12.6	1
13.4	12.6	1
13.6	12.6	1
13.8	12.6	1
14	12.6	1
14.2	12.6	1
14.4	12.6	1
14.6	12.6	1.066
14.8	12.6	1.113
15	12.6	1.067
15.2	12.6	1.106
15.4	12.6	1.073
15.6	12.6	1.079
15.8	12.6	1.152
16	12.6	1
16.2	12.6	1
16.4	12.6	1
16.6	12.6	1
16.8	12.6	1
17	12.6	1.095
17.2	12.6	1.321
17.4	12.6	1.282
17.6	12.6	1.254
17.8	12.6	1.251
18	12.6	1.365
18.2	12.6	1.344
18.4	12.6	1.198
18.6	12.6	1.09
18.8	12.6	1
19	12.6	1
19.2	12.6	1
19.4	12.6	1.021
19.6	12.6	1.018
19.8	12.6	1
20	12.6	1
0	12.8	1
0.2	12.8	1
0.4	12.8	1
0.6	12.8	1
0.8	12.8	1.081
1	12.8	1.081
1.2	12.8	1.043
1.4	12.8	1.011
1.6	12.8	1.045
1.8	12.8	1.022
2	12.8	1.006
2.2	12.8	1.036
2.4	12.8	1
2.6	12.8	1
2.8	12.8	1
3	12.8	1
3.2	12.8	1.076
3.4	12.8	1.137
3.6	12.8	1.196
3.8	12.8	1.368
4	12.8	1.318
4.2	12.8	1.293
4.4	12.8	1.387
4.6	12.8	1.355
4.8	12.8	1.154
5	12.8	1
5.2	12.8	1
5.4	12.8	1
5.6	12.8	1
5.8	12.8	1
6	12.8	1
6.2	12.8	1
6.4	12.8	1
6.6	12.8	1
6.8	12.8	1.045
7	12.8	1.244
7.2	12.8	1.116
7.4	12.8	1.004
7.6	12.8	1
7.8	12.8	1
8	12.8	1
8.2	12.8	1
8.4	12.8	1
8.6	12.8	1
8.8	12.8	1
9	12.8	1
9.2	12.8	1.044
9.4	12.8	1.211
9.6	12.8	1.374
9.8	12.8	1.298
10	12.8	1.079
10.2	12.8	1.068
10.4	12.8	1.091
10.6	12.8	1.113
10.8	12.8	1.168
11	12.8	1.054
11.2	12.8	1.037
11.4	12.8	1.014
11.6	12.8	1.138
11.8	12.8	1.231
12	12.8	1.273
12.2	12.8	1.322
12.4	12.8	1.225
12.6	12.8	1.107
12.8	12.8	1.144
13	12.8	1
13.2	12.8	1
13.4	12.8	1
13.6	12.8	1
13.8	12.8	1
14	12.8	1
14.2	12.8	1
14.4	12.8	1
14.6	12.8	1
14.8	12.8	1
15	12.8	1
15.2	12.8	1
15.4	12.8	1.127
15.6	12.8	1.165
15.8	12.8	1.139
16	12.8	1
16.2	12.8	1
16.4	12.8	1
16.6	12.8	1.063
16.8	12.8	1
17	12.8	1.052
17.2	12.8	1.159
17.4	12.8	1.099
17.6	12.8	1.237
17.8	12.8	1.355
18	12.8	1.383
18.2	12.8	1.408
18.4	12.8	1.313
18.6	12.8	1.069
18.8	12.8	1
19	12.8	1
19.2	12.8	1
19.4	12.8	1
19.6	12.8	1
19.8	12.8	1
20	12.8	1
0	13	1
0.2	13	1
0.4	13	1
0.6	13	1
0.8	13	1
1	13	1
1.2	13	1
1.4	13	1.072
1.6	13	1
1.8	13	1.126
2	13	1.173
2.2	13	1.144
2.4	13	1
2.6	13	1
2.8	13	1
3	13	1
3.2	13	1.094
3.4	13	1.178
3.6	13	1.208
3.8	13	1.206
4	13	1.287
4.2	13	1.492
4.4	13	1.483
4.6	13	1.325
4.8	13	1.21
5	13	1.071
5.2	13	1.079
5.4	13	1
5.6	13	1
5.8	13	1
6	13	1
6.2	13	1
6.4	13	1
6.6	13	1
6.8	13	1.104
7	13	1.087
7.2	13	1
7.4	13	1
7.6	13	1
7.8	13	1
8	13	1
8.2	13	1
8.4	13	1
8.6	13	1
8.8	13	1
9	13	1
9.2	13	1.041
9.4	13	1.261
9.6	13	1.31
9.8	13	1.416
10	13	1.311
10.2	13	1.29
10.4	13	1.301
10.6	13	1.355
10.8	13	1.108
11	13	1.014
11.2	13	1
11.4	13	1.116
11.6	13	1.144
11.8	13	1.146
12	13	1.208
12.2	13	1.21
12.4	13	1.098
12.6	13	1.064
12.8	13	1.057
13	13	1.089
13.2	13	1
13.4	13	1
13.6	13	1
13.8	13	1
14	13	1
14.2	13	1
14.4	13	1
14.6	13	1
14.8	13	1
15	13	1
15.2	13	1
15.4	13	1.068
15.6	13	1.032
15.8	13	1
16	13	1
16.2	13	1
16.4	13	1
16.6	13	1
16.8	13	1
17	13	1.155
17.2	13	1.072
17.4	13	1.116
17.6	13	1.23
17.8	13	1.482
18	13	1.601
18.2	13	1.382
18.4	13	1.245
18.6	13	1.21
18.8	13	1
19	13	1.176
19.2	13	1.171
19.4	13	1
19.6	13	1
19.8	13	1
20	13	1
0	13.2	1
0.2	13.2	1
0.4	13.2	1
0.6	13.2	1
0.8	13.2	1
1	13.2	1
1.2	13.2	1
1.4	13.2	1
1.6	13.2	1.266
1.8	13.2	1.141
2	13.2	1.158
2.2	13.2	1.04
2.4	13.2	1.032
2.6	13.2	1.122
2.8	13.2	1.086
3	13.2	1
3.2	13.2	1.013
3.4	13.2	1.085
3.6	13.2	1.121
3.8	13.2	1.103
4	13.2	1.449
4.2	13.2	1.399
4.4	13.2	1.597
4.6	13.2	1.507
4.8	13.2	1.188
5	13.2	1.127
5.2	13.2	1
5.4	13.2	1.031
5.6	13.2	1
5.8	13.2	1
6	13.2	1
6.2	13.2	1
6.4	13.2	1
6.6	13.2	1
6.8	13.2	1
7	13.2	1.07
7.2	13.2	1
7.4	13.2	1
7.6	13.2	1
7.8	13.2	1
8	13.2	1
8.2	13.2	1
8.4	13.2	1
8.6	13.2	1
8.8	13.2	1
9	13.2	1
9.2	13.2	1.143
9.4	13.2	1.158
9.6	13.2	1.169
9.8	13.2	1.181
10	13.2	1.294
10.2	13.2	1.412
10.4	13.2	1.242
10.6	13.2	1.3
10.8	13.2	1.275
11	13.2	1.124
11.2	13.2	1
11.4	13.2	1
11.6	13.2	1.19
11.8	13.2	1
12	13.2	1.238
12.2	13.2	1.097
12.4	13.2	1.268
12.6	13.2	1.022
12.8	13.2	1.235
13	13.2	1.058
13.2	13.2	1
13.4	13.2	1
13.6	13.2	1
13.8	13.2	1
14	13.2	1
14.2	13.2	1
14.4	13.2	1
14.6	13.2	1
14.8	13.2	1
15	13.2	1.009
15.2	13.2	1
15.4	13.2	1.234
15.6	13.2	1.123
15.8	13.2	1.015
16	13.2	1
16.2	13.2	1
16.4	13.2	1
16.6	13.2	1.013
16.8	13.2	1.101
17	13.2	1.026
17.2	13.2	1.022
17.4	13.2	1.265
17.6	13.2	1.379
17.8	13.2	1.537
18	13.2	1.46
18.2	13.2	1.301
18.4	13.2	1.417
18.6	13.2	1.321
18.8	13.2	1.225
19	13.2	1.063
19.2	13.2	1
19.4	13.2	1
19.6	13.2	1
19.8	13.2	1
20	13.2	1
0	13.4	1
0.2	13.4	1
0.4	13.4	1
0.6	13.4	1
0.8	13.4	1
1	13.4	1
1.2	13.4	1
1.4	13.4	1
1.6	13.4	1.214
1.8	13.4	1.115
2	13.4	1.122
2.2	13.4	1
2.4	13.4	1.161
2.6	13.4	1.166
2.8	13.4	1.117
3	13.4	1.031
3.2	13.4	1.211
3.4	13.4	1.046
3.6	13.4	1.056
3.8	13.4	1.15
4	13.4	1.386
4.2	13.4	1.384
4.4	13.4	1.402
4.6	13.4	1.399
4.8	13.4	1.208
5	13.4	1.206
5.2	13.4	1.065
5.4	13.4	1.026
5.6	13.4	1.015
5.8	13.4	1
6	13.4	1
6.2	13.4	1
6.4	13.4	1
6.6	13.4	1
6.8	13.4	1
7	13.4	1
7.2	13.4	1
7.4	13.4	1
7.6	13.4	1
7.8	13.4	1
8	13.4	1
8.2	13.4	1
8.4	13.4	1
8.6	13.4	1
8.8	13.4	1
9	13.4	1
9.2	13.4	1
9.4	13.4	1.167
9.6	13.4	1.206
9.8	13.4	1.254
10	13.4	1.407
10.2	13.4	1.49
10.4	13.4	1.39
10.6	13.4	1.297
10.8	13.4	1.08
11	13.4	1.27
11.2	13.4	1.178
11.4	13.4	1.162
11.6	13.4	1.249
11.8	13.4	1
12	13.4	1
12.2	13.4	1.06
12.4	13.4	1.046
12.6	13.4	1.191
12.8	13.4	1.192
13	13.4	1.106
13.2	13.4	1
13.4	13.4	1
13.6	13.4	1
13.8	13.4	1
14	13.4	1
14.2	13.4	1
14.4	13.4	1
14.6	13.4	1
14.8	13.4	1
15	13.4	1
15.2	13.4	1.036
15.4	13.4	1.048
15.6	13.4	1.078
15.8	13.4	1
16	13.4	1
16.2	13.4	1
16.4	13.4	1.162
16.6	13.4	1.143
16.8	13.4	1.153
17	13.4	1.002
17.2	13.4	1
17.4	13.4	1.237
17.6	13.4	1.43
17.8	13.4	1.416
18	13.4	1.595
18.2	13.4	1.564
18.4	13.4	1.365
18.6	13.4	1.296
18.8	13.4	1.144
19	13.4	1.254
19.2	13.4	1
19.4	13.4	1
19.6	13.4	1
19.8	13.4	1
20	13.4	1
0	13.6	1
0.2	13.6	1
0.4	13.6	1
0.6	13.6	1
0.8	13.6	1
1	13.6	1
1.2	13.6	1
1.4	13.6	1.052
1.6	13.6	1.038
1.8	13.6	1.085
2	13.6	1.091
2.2	13.6	1.09
2.4	13.6	1
2.6	13.6	1.147
2.8	13.6	1.228
3	13.6	1.076
3.2	13.6	1.03
3.4	13.6	1.078
3.6	13.6	1.172
3.8	13.6	1.258
4	13.6	1.45
4.2	13.6	1.546
4.4	13.6	1.322
4.6	13.6	1.309
4.8	13.6	1.192
5	13.6	1.347
5.2	13.6	1.179
5.4	13.6	1
5.6	13.6	1
5.8	13.6	1
6	13.6	1
6.2	13.6	1
6.4	13.6	1
6.6	13.6	1
6.8	13.6	1
7	13.6	1
7.2	13.6	1
7.4	13.6	1
7.6	13.6	1
7.8	13.6	1
8	13.6	1
8.2	13.6	1
8.4	13.6	1
8.6	13.6	1
8.8	13.6	1
9	13.6	1.115
9.2	13.6	1
9.4	13.6	1.008
9.6	13.6	1.17
9.8	13.6	1.314
10	13.6	1.457
10.2	13.6	1.416
10.4	13.6	1.552
10.6	13.6	1.189
10.8	13.6	1.182
11	13.6	1.25
11.2	13.6	1.177
11.4	13.6	1.094
11.6	13.6	1.009
11.8	13.6	1.034
12	13.6	1
12.2	13.6	1.123
12.4	13.6	1.086
12.6	13.6	1.292
12.8	13.6	1.154
13	13.6	1
13.2	13.6	1
13.4	13.6	1
13.6	13.6	1
13.8	13.6	1
14	13.6	1
14.2	13.6	1
14.4	13.6	1
14.6	13.6	1
14.8	13.6	1
15	13.6	1
15.2	13.6	1.009
15.4	13.6	1.102
15.6	13.6	1.143
15.8	13.6	1.062
16	13.6	1.168
16.2	13.6	1.164
16.4	13.6	1.224
16.6	13.6	1.166
16.8	13.6	1.044
17	13.6	1.065
17.2	13.6	1.13
17.4	13.6	1.312
17.6	13.6	1.401
17.8	13.6	1.501
18	13.6	1.363
18.2	13.6	1.382
18.4	13.6	1.215
18.6	13.6	1.53
18.8	13.6	1.287
19	13.6	1.163
19.2	13.6	1.039
19.4	13.6	1
19.6	13.6	1
19.8	13.6	1
20	13.6	1.033
0	13.8	1
0.2	13.8	1
0.4	13.8	1
0.6	13.8	1
0.8	13.8	1
1	13.8	1
1.2	13.8	1
1.4	13.8	1.019
1.6	13.8	1.09
1.8	13.8	1.218
2	13.8	1
2.2	13.8	1.267
2.4	13.8	1.164
2.6	13.8	1.191
2.8	13.8	1.069
3	13.8	1
3.2	13.8	1.065
3.4	13.8	1.007
3.6	13.8	1.292
3.8	13.8	1.309
4	13.8	1.321
4.2	13.8	1.36
4.4	13.8	1.398
4.6	13.8	1.348
4.8	13.8	1.386
5	13.8	1.399
5.2	13.8	1.293
5.4	13.8	1
5.6	13.8	1
5.8	13.8	1
6	13.8	1
6.2	13.8	1
6.4	13.8	1
6.6	13.8	1
6.8	13.8	1
7	13.8	1
7.2	13.8	1
7.4	13.8	1
7.6	13.8	1
7.8	13.8	1
8	13.8	1
8.2	13.8	1
8.4	13.8	1
8.6	13.8	1
8.8	13.8	1
9	13.8	1
9.2	13.8	1
9.4	13.8	1.152
9.6	13.8	1.248
9.8	13.8	1.335
10	13.8	1.524
10.2	13.8	1.521
10.4	13.8	1.516
10.6	13.8	1.271
10.8	13.8	1.333
11	13.8	1.267
11.2	13.8	1.358
11.4	13.8	1.264
11.6	13.8	1.075
11.8	13.8	1
12	13.8	1.082
12.2	13.8	1.126
12.4	13.8	1.351
12.6	13.8	1.205
12.8	13.8	1.055
13	13.8	1
13.2	13.8	1
13.4	13.8	1
13.6	13.8	1
13.8	13.8	1
14	13.8	1
14.2	13.8	1
14.4	13.8	1
14.6	13.8	1
14.8	13.8	1
15	13.8	1
15.2	13.8	1
15.4	13.8	1
15.6	13.8	1.037
15.8	13.8	1.084
16	13.8	1.218
16.2	13.8	1.188
16.4	13.8	1.217
16.6	13.8	1.029
16.8	13.8	1.124
17	13.8	1.123
17.2	13.8	1.053
17.4	13.8	1.534
17.6	13.8	1.335
17.8	13.8	1.505
18	13.8	1.398
18.2	13.8	1.526
18.4	13.8	1.43
18.6	13.8	1.505
18.8	13.8	1.294
19	13.8	1.231
19.2	13.8	1
19.4	13.8	1
19.6	13.8	1
19.8	13.8	1
20	13.8	1
0	14	1
0.2	14	1
0.4	14	1
0.6	14	1
0.8	14	1
1	14	1
1.2	14	1
1.4	14	1
1.6	14	1
1.8	14	1.043
2	14	1.203
2.2	14	1.297
2.4	14	1.265
2.6	14	1.313
2.8	14	1.212
3	14	1.049
3.2	14	1.003
3.4	14	1.1
3.6	14	1.335
3.8	14	1.334
4	14	1.262
4.2	14	1.204
4.4	14	1.433
4.6	14	1.381
4.8	14	1.475
5	14	1.47
5.2	14	1.083
5.4	14	1
5.6	14	1
5.8	14	1
6	14	1
6.2	14	1
6.4	14	1
6.6	14	1
6.8	14	1
7	14	1
7.2	14	1
7.4	14	1
7.6	14	1
7.8	14	1
8	14	1
8.2	14	1
8.4	14	1
8.6	14	1
8.8	14	1
9	14	1
9.2	14	1
9.4	14	1
9.6	14	1.216
9.8	14	1.311
10	14	1.546
10.2	14	1.482
10.4	14	1.273
10.6	14	1.397
10.8	14	1.36
11	14	1.383
11.2	14	1.224
11.4	14	1.057
11.6	14	1
11.8	14	1
12	14	1.072
12.2	14	1.176
12.4	14	1.178
12.6	14	1.099
12.8	14	1.002
13	14	1.151
13.2	14	1
13.4	14	1
13.6	14	1.039
13.8	14	1
14	14	1
14.2	14	1
14.4	14	1
14.6	14	1
14.8	14	1
15	14	1
15.2	14	1
15.4	14	1
15.6	14	1.089
15.8	14	1.167
16	14	1.154
16.2	14	1.196
16.4	14	1.145
16.6	14	1
16.8	14	1.151
17	14	1.18
17.2	14	1.242
17.4	14	1.308
17.6	14	1.316
17.8	14	1.229
18	14	1.395
18.2	14	1.516
18.4	14	1.508
18.6	14	1.495
18.8	14	1.293
19	14	1.154
19.2	14	1.005
19.4	14	1
19.6	14	1
19.8	14	1
20	14	1
0	14.2	1
0.2	14.2	1
0.4	14.2	1
0.6	14.2	1
0.8	14.2	1
1	14.2	1
1.2	14.2	1
1.4	14.2	1
1.6	14.2	1
1.8	14.2	1
2	14.2	1.185
2.2	14.2	1.242
2.4	14.2	1.32
2.6	14.2	1.24
2.8	14.2	1.168
3	14.2	1.025
3.2	14.2	1.174
3.4	14.2	1.131
3.6	14.2	1.218
3.8	14.2	1.229
4	14.2	1.179
4.2	14.2	1.382
4.4	14.2	1.313
4.6	14.2	1.42
4.8	14.2	1.575
5	14.2	1.307
5.2	14.2	1.142
5.4	14.2	1
5.6	14.2	1
5.8	14.2	1
6	14.2	1
6.2	14.2	1
6.4	14.2	1
6.6	14.2	1
6.8	14.2	1
7	14.2	1
7.2	14.2	1
7.4	14.2	1
7.6	14.2	1
7.8	14.2	1
8	14.2	1
8.2	14.2	1
8.4	14.2	1
8.6	14.2	1
8.8	14.2	1
9	14.2	1
9.2	14.2	1
9.4	14.2	1.05
9.6	14.2	1.196
9.8	14.2	1.453
10	14.2	1.432
10.2	14.2	1.468
10.4	14.2	1.404
10.6	14.2	1.38
10.8	14.2	1.457
11	14.2	1.278
11.2	14.2	1.276
11.4	14.2	1.003
11.6	14.2	1.072
11.8	14.2	1
12	14.2	1.187
12.2	14.2	1.062
12.4	14.2	1.073
12.6	14.2	1.088
12.8	14.2	1.096
13	14.2	1.124
13.2	14.2	1
13.4	14.2	1.069
13.6	14.2	1
13.8	14.2	1
14	14.2	1
14.2	14.2	1
14.4	14.2	1
14.6	14.2	1
14.8	14.2	1
15	14.2	1
15.2	14.2	1
15.4	14.2	1
15.6	14.2	1.023
15.8	14.2	1.104
16	14.2	1.158
16.2	14.2	1.043
16.4	14.2	1.026
16.6	14.2	1.024
16.8	14.2	1.051
17	14.2	1.295
17.2	14.2	1.153
17.4	14.2	1.327
17.6	14.2	1.147
17.8	14.2	1.311
18	14.2	1.527
18.2	14.2	1.632
18.4	14.2	1.515
18.6	14.2	1.481
18.8	14.2	1.297
19	14.2	1.07
19.2	14.2	1.073
19.4	14.2	1.115
19.6	14.2	1
19.8	14.2	1
20	14.2	1
0	14.4	1
0.2	14.4	1
0.4	14.4	1
0.6	14.4	1
0.8	14.4	1
1	14.4	1
1.2	14.4	1
1.4	14.4	1
1.6	14.4	1
1.8	14.4	1
2	14.4	1.31
2.2	14.4	1.305
2.4	14.4	1.155
2.6	14.4	1.236
2.8	14.4	1.094
3	14.4	1.254
3.2	14.4	1.137
3.4	14.4	1.31
3.6	14.4	1.359
3.8	14.4	1.12
4	14.4	1.189
4.2	14.4	1.327
4.4	14.4	1.354
4.6	14.4	1.515
4.8	14.4	1.431
5	14.4	1.287
5.2	14.4	1.147
5.4	14.4	1.031
5.6	14.4	1
5.8	14.4	1
6	14.4	1
6.2	14.4	1
6.4	14.4	1
6.6	14.4	1
6.8	14.4	1
7	14.4	1
7.2	14.4	1
7.4	14.4	1
7.6	14.4	1
7.8	14.4	1
8	14.4	1
8.2	14.4	1
8.4	14.4	1
8.6	14.4	1
8.8	14.4	1
9	14.4	1
9.2	14.4	1
9.4	14.4	1.061
9.6	14.4	1.044
9.8	14.4	1.242
10	14.4	1.479
10.2	14.4	1.464
10.4	14.4	1.568
10.6	14.4	1.628
10.8	14.4	1.548
11	14.4	1.333
11.2	14.4	1.112
11.4	14.4	1.154
11.6	14.4	1.032
11.8	14.4	1.267
12	14.4	1.08
12.2	14.4	1.255
12.4	14.4	1.029
12.6	14.4	1.108
12.8	14.4	1.148
13	14.4	1
13.2	14.4	1.002
13.4	14.4	1
13.6	14.4	1
13.8	14.4	1
14	14.4	1
14.2	14.4	1
14.4	14.4	1
14.6	14.4	1
14.8	14.4	1
15	14.4	1
15.2	14.4	1
15.4	14.4	1
15.6	14.4	1.217
15.8	14.4	1.181
16	14.4	1
16.2	14.4	1.097
16.4	14.4	1.071
16.6	14.4	1.002
16.8	14.4	1.156
17	14.4	1.145
17.2	14.4	1.049
17.4	14.4	1.191
17.6	14.4	1.138
17.8	14.4	1.279
18	14.4	1.424
18.2	14.4	1.641
18.4	14.4	1.503
18.6	14.4	1.393
18.8	14.4	1.222
19	14.4	1.207
19.2	14.4	1.217
19.4	14.4	1.069
19.6	14.4	1
19.8	14.4	1
20	14.4	1
0	14.6	1
0.2	14.6	1
0.4	14.6	1
0.6	14.6	1
0.8	14.6	1
1	14.6	1
1.2	14.6	1
1.4	14.6	1
1.6	14.6	1
1.8	14.6	1.083
2	14.6	1.198
2.2	14.6	1.366
2.4	14.6	1.223
2.6	14.6	1.234
2.8	14.6	1.186
3	14.6	1.094
3.2	14.6	1.225
3.4	14.6	1.105
3.6	14.6	1.134
3.8	14.6	1.057
4	14.6	1.21
4.2	14.6	1.205
4.4	14.6	1.434
4.6	14.6	1.507
4.8	14.6	1.458
5	14.6	1.202
5.2	14.6	1.165
5.4	14.6	1.117
5.6	14.6	1.157
5.8	14.6	1
6	14.6	1
6.2	14.6	1
6.4	14.6	1
6.6	14.6	1
6.8	14.6	1
7	14.6	1
7.2	14.6	1
7.4	14.6	1
7.6	14.6	1
7.8	14.6	1
8	14.6	1
8.2	14.6	1
8.4	14.6	1
8.6	14.6	1
8.8	14.6	1
9	14.6	1
9.2	14.6	1
9.4	14.6	1.101
9.6	14.6	1.174
9.8	14.6	1.285
10	14.6	1.318
10.2	14.6	1.421
10.4	14.6	1.399
10.6	14.6	1.599
10.8	14.6	1.462
11	14.6	1.317
11.2	14.6	1.255
11.4	14.6	1.028
11.6	14.6	1.188
11.8	14.6	1.212
12	14.6	1.135
12.2	14.6	1
12.4	14.6	1
12.6	14.6	1.069
12.8	14.6	1.061
13	14.6	1.041
13.2	14.6	1.149
13.4	14.6	1
13.6	14.6	1
13.8	14.6	1
14	14.6	1
14.2	14.6	1
14.4	14.6	1
14.6	14.6	1
14.8	14.6	1
15	14.6	1
15.2	14.6	1
15.4	14.6	1
15.6	14.6	1.029
15.8	14.6	1.216
16	14.6	1
16.2	14.6	1.066
16.4	14.6	1.141
16.6	14.6	1.282
16.8	14.6	1.138
17	14.6	1.094
17.2	14.6	1.081
17.4	14.6	1.109
17.6	14.6	1.162
17.8	14.6	1.413
18	14.6	1.394
18.2	14.6	1.501
18.4	14.6	1.468
18.6	14.6	1.314
18.8	14.6	1.353
19	14.6	1.259
19.2	14.6	1.239
19.4	14.6	1.045
19.6	14.6	1
19.8	14.6	1
20	14.6	1
0	14.8	1
0.2	14.8	1
0.4	14.8	1
0.6	14.8	1
0.8	14.8	1
1	14.8	1
1.2	14.8	1
1.4	14.8	1
1.6	14.8	1
1.8	14.8	1
2	14.8	1.179
2.2	14.8	1.25
2.4	14.8	1.234
2.6	14.8	1.276
2.8	14.8	1.222
3	14.8	1.256
3.2	14.8	1.13
3.4	14.8	1.132
3.6	14.8	1
3.8	14.8	1
4	14.8	1.099
4.2	14.8	1.441
4.4	14.8	1.377
4.6	14.8	1.401
4.8	14.8	1.271
5	14.8	1.104
5.2	14.8	1.292
5.4	14.8	1.007
5.6	14.8	1.036
5.8	14.8	1
6	14.8	1
6.2	14.8	1
6.4	14.8	1
6.6	14.8	1
6.8	14.8	1
7	14.8	1
7.2	14.8	1
7.4	14.8	1
7.6	14.8	1
7.8	14.8	1
8	14.8	1.038
8.2	14.8	1
8.4	14.8	1
8.6	14.8	1
8.8	14.8	1
9	14.8	1
9.2	14.8	1
9.4	14.8	1.073
9.6	14.8	1.129
9.8	14.8	1.195
10	14.8	1.233
10.2	14.8	1.549
10.4	14.8	1.509
10.6	14.8	1.585
10.8	14.8	1.491
11	14.8	1.43
11.2	14.8	1.156
11.4	14.8	1.088
11.6	14.8	1.009
11.8	14.8	1.212
12	14.8	1.039
12.2	14.8	1
12.4	14.8	1.174
12.6	14.8	1.026
12.8	14.8	1
13	14.8	1.099
13.2	14.8	1
13.4	14.8	1
13.6	14.8	1
13.8	14.8	1
14	14.8	1
14.2	14.8	1
14.4	14.8	1
14.6	14.8	1
14.8	14.8	1
15	14.8	1
15.2	14.8	1
15.4	14.8	1.045
15.6	14.8	1.094
15.8	14.8	1.151
16	14.8	1.155
16.2	14.8	1.143
16.4	14.8	1.174
16.6	14.8	1.346
16.8	14.8	1.143
17	14.8	1.121
17.2	14.8	1.062
17.4	14.8	1.015
17.6	14.8	1.124
17.8	14.8	1.301
18	14.8	1.367
18.2	14.8	1.284
18.4	14.8	1.306
18.6	14.8	1.357
18.8	14.8	1.441
19	14.8	1.359
19.2	14.8	1
19.4	14.8	1.059
19.6	14.8	1
19.8	14.8	1
20	14.8	1
0	15	1
0.2	15	1
0.4	15	1
0.6	15	1
0.8	15	1
1	15	1
1.2	15	1
1.4	15	1
1.6	15	1
1.8	15	1.176
2	15	1.112
2.2	15	1.219
2.4	15	1.111
2.6	15	1.156
2.8	15	1.465
3	15	1.218
3.2	15	1.292
3.4	15	1.093
3.6	15	1
3.8	15	1.079
4	15	1.094
4.2	15	1.293
4.4	15	1.231
4.6	15	1.254
4.8	15	1.331
5	15	1.286
5.2	15	1.162
5.4	15	1.301
5.6	15	1.085
5.8	15	1
6	15	1
6.2	15	1
6.4	15	1
6.6	15	1
6.8	15	1
7	15	1
7.2	15	1
7.4	15	1
7.6	15	1
7.8	15	1
8	15	1
8.2	15	1.009
8.4	15	1
8.6	15	1
8.8	15	1
9	15	1
9.2	15	1
9.4	15	1
9.6	15	1.03
9.8	15	1.039
10	15	1.277
10.2	15	1.472
10.4	15	1.397
10.6	15	1.481
10.8	15	1.36
11	15	1.361
11.2	15	1.079
11.4	15	1.171
11.6	15	1.109
11.8	15	1.118
12	15	1
12.2	15	1.019
12.4	15	1
12.6	15	1
12.8	15	1.125
13	15	1.057
13.2	15	1.056
13.4	15	1
13.6	15	1
13.8	15	1
14	15	1
14.2	15	1
14.4	15	1
14.6	15	1
14.8	15	1
15	15	1
15.2	15	1
15.4	15	1
15.6	15	1.014
15.8	15	1.097
16	15	1.061
16.2	15	1.106
16.4	15	1.226
16.6	15	1.244
16.8	15	1.161
17	15	1
17.2	15	1.08
17.4	15	1.03
17.6	15	1.131
17.8	15	1.246
18	15	1.397
18.2	15	1.288
18.4	15	1.252
18.6	15	1.429
18.8	15	1.563
19	15	1.36
19.2	15	1.286
19.4	15	1.059
19.6	15	1
19.8	15	1
20	15	1
0	15.2	1
0.2	15.2	1
0.4	15.2	1
0.6	15.2	1
0.8	15.2	1
1	15.2	1
1.2	15.2	1
1.4	15.2	1
1.6	15.2	1
1.8	15.2	1
2	15.2	1.092
2.2	15.2	1.164
2.4	15.2	1.235
2.6	15.2	1.248
2.8	15.2	1.363
3	15.2	1.236
3.2	15.2	1.052
3.4	15.2	1.1
3.6	15.2	1.097
3.8	15.2	1.18
4	15.2	1.139
4.2	15.2	1.316
4.4	15.2	1.168
4.6	15.2	1.25
4.8	15.2	1.195
5	15.2	1.285
5.2	15.2	1.131
5.4	15.2	1.216
5.6	15.2	1.068
5.8	15.2	1
6	15.2	1
6.2	15.2	1
6.4	15.2	1
6.6	15.2	1
6.8	15.2	1
7	15.2	1
7.2	15.2	1
7.4	15.2	1
7.6	15.2	1
7.8	15.2	1
8	15.2	1.088
8.2	15.2	1
8.4	15.2	1
8.6	15.2	1
8.8	15.2	1
9	15.2	1
9.2	15.2	1
9.4	15.2	1
9.6	15.2	1
9.8	15.2	1.221
10	15.2	1.267
10.2	15.2	1.549
10.4	15.2	1.519
10.6	15.2	1.327
10.8	15.2	1.317
11	15.2	1.29
11.2	15.2	1.209
11.4	15.2	1.16
11.6	15.2	1.244
11.8	15.2	1
12	15.2	1
12.2	15.2	1
12.4	15.2	1
12.6	15.2	1.092
12.8	15.2	1.028
13	15.2	1.073
13.2	15.2	1
13.4	15.2	1
13.6	15.2	1
13.8	15.2	1
14	15.2	1
14.2	15.2	1
14.4	15.2	1
14.6	15.2	1
14.8	15.2	1
15	15.2	1
15.2	15.2	1
15.4	15.2	1
15.6	15.2	1
15.8	15.2	1.005
16	15.2	1.189
16.2	15.2	1.276
16.4	15.2	1.245
16.6	15.2	1.061
16.8	15.2	1.105
17	15.2	1
17.2	15.2	1
17.4	15.2	1.145
17.6	15.2	1.295
17.8	15.2	1.202
18	15.2	1.241
18.2	15.2	1.099
18.4	15.2	1.31
18.6	15.2	1.378
18.8	15.2	1.511
19	15.2	1.282
19.2	15.2	1.129
19.4	15.2	1.05
19.6	15.2	1
19.8	15.2	1
20	15.2	1
0	15.4	1
0.2	15.4	1
0.4	15.4	1
0.6	15.4	1
0.8	15.4	1
1	15.4	1
1.2	15.4	1
1.4	15.4	1
1.6	15.4	1.079
1.8	15.4	1
2	15.4	1.06
2.2	15.4	1.095
2.4	15.4	1.231
2.6	15.4	1.313
2.8	15.4	1.208
3	15.4	1.209
3.2	15.4	1.064
3.4	15.4	1.131
3.6	15.4	1
3.8	15.4	1.069
4	15.4	1.065
4.2	15.4	1.23
4.4	15.4	1.029
4.6	15.4	1.187
4.8	15.4	1.32
5	15.4	1.319
5.2	15.4	1.216
5.4	15.4	1.098
5.6	15.4	1.102
5.8	15.4	1
6	15.4	1
6.2	15.4	1
6.4	15.4	1
6.6	15.4	1
6.8	15.4	1
7	15.4	1
7.2	15.4	1
7.4	15.4	1
7.6	15.4	1
7.8	15.4	1.069
8	15.4	1
8.2	15.4	1
8.4	15.4	1.011
8.6	15.4	1
8.8	15.4	1.025
9	15.4	1
9.2	15.4	1
9.4	15.4	1
9.6	15.4	1
9.8	15.4	1.151
10	15.4	1.255
10.2	15.4	1.455
10.4	15.4	1.332
10.6	15.4	1.501
10.8	15.4	1.497
11	15.4	1.366
11.2	15.4	1.372
11.4	15.4	1.327
11.6	15.4	1
11.8	15.4	1
12	15.4	1
12.2	15.4	1
12.4	15.4	1
12.6	15.4	1.027
12.8	15.4	1
13	15.4	1
13.2	15.4	1
13.4	15.4	1.062
13.6	15.4	1.094
13.8	15.4	1.013
14	15.4	1
14.2	15.4	1
14.4	15.4	1
14.6	15.4	1
14.8	15.4	1
15	15.4	1
15.2	15.4	1
15.4	15.4	1
15.6	15.4	1
15.8	15.4	1.061
16	15.4	1.202
16.2	15.4	1.274
16.4	15.4	1.354
16.6	15.4	1.08
16.8	15.4	1
17	15.4	1
17.2	15.4	1.04
17.4	15.4	1.016
17.6	15.4	1.116
17.8	15.4	1.079
18	15.4	1.03
18.2	15.4	1.236
18.4	15.4	1.288
18.6	15.4	1.476
18.8	15.4	1.37
19	15.4	1.269
19.2	15.4	1.069
19.4	15.4	1
19.6	15.4	1
19.8	15.4	1
20	15.4	1
0	15.6	1
0.2	15.6	1.037
0.4	15.6	1
0.6	15.6	1
0.8	15.6	1
1	15.6	1
1.2	15.6	1
1.4	15.6	1
1.6	15.6	1
1.8	15.6	1
2	15.6	1
2.2	15.6	1.199
2.4	15.6	1.294
2.6	15.6	1.305
2.8	15.6	1.25
3	15.6	1.118
3.2	15.6	1.214
3.4	15.6	1.01
3.6	15.6	1
3.8	15.6	1.156
4	15.6	1.03
4.2	15.6	1.164
4.4	15.6	1
4.6	15.6	1.189
4.8	15.6	1.339
5	15.6	1.28
5.2	15.6	1.221
5.4	15.6	1.217
5.6	15.6	1.077
5.8	15.6	1
6	15.6	1
6.2	15.6	1
6.4	15.6	1
6.6	15.6	1
6.8	15.6	1
7	15.6	1
7.2	15.6	1
7.4	15.6	1
7.6	15.6	1
7.8	15.6	1
8	15.6	1.002
8.2	15.6	1.141
8.4	15.6	1
8.6	15.6	1.109
8.8	15.6	1
9	15.6	1
9.2	15.6	1
9.4	15.6	1
9.6	15.6	1
9.8	15.6	1.034
10	15.6	1.057
10.2	15.6	1.394
10.4	15.6	1.217
10.6	15.6	1.155
10.8	15.6	1.414
11	15.6	1.321
11.2	15.6	1.417
11.4	15.6	1.126
11.6	15.6	1
11.8	15.6	1
12	15.6	1
12.2	15.6	1
12.4	15.6	1
12.6	15.6	1.008
12.8	15.6	1
13	15.6	1
13.2	15.6	1
13.4	15.6	1
13.6	15.6	1.137
13.8	15.6	1.001
14	15.6	1
14.2	15.6	1
14.4	15.6	1
14.6	15.6	1
14.8	15.6	1
15	15.6	1
15.2	15.6	1
15.4	15.6	1
15.6	15.6	1
15.8	15.6	1.116
16	15.6	1.29
16.2	15.6	1.265
16.4	15.6	1.046
16.6	15.6	1.003
16.8	15.6	1.237
17	15.6	1
17.2	15.6	1.216
17.4	15.6	1.009
17.6	15.6	1.01
17.8	15.6	1.033
18	15.6	1
18.2	15.6	1.276
18.4	15.6	1.295
18.6	15.6	1.392
18.8	15.6	1.293
19	15.6	1.26
19.2	15.6	1.236
19.4	15.6	1.047
19.6	15.6	1.159
19.8	15.6	1
20	15.6	1
0	15.8	1.141
0.2	15.8	1
0.4	15.8	1
0.6	15.8	1
0.8	15.8	1
1	15.8	1
1.2	15.8	1
1.4	15.8	1
1.6	15.8	1
1.8	15.8	1
2	15.8	1
2.2	15.8	1.191
2.4	15.8	1.24
2.6	15.8	1.504
2.8	15.8	1.1
3	15.8	1.087
3.2	15.8	1.065
3.4	15.8	1.276
3.6	15.8	1
3.8	15.8	1.063
4	15.8	1
4.2	15.8	1
4.4	15.8	1.079
4.6	15.8	1.216
4.8	15.8	1.201
5	15.8	1.281
5.2	15.8	1.057
5.4	15.8	1.128
5.6	15.8	1.004
5.8	15.8	1.033
6	15.8	1
6.2	15.8	1
6.4	15.8	1
6.6	15.8	1
6.8	15.8	1
7	15.8	1
7.2	15.8	1
7.4	15.8	1
7.6	15.8	1.059
7.8	15.8	1.086
8	15.8	1
8.2	15.8	1.168
8.4	15.8	1
8.6	15.8	1.133
8.8	15.8	1
9	15.8	1
9.2	15.8	1
9.4	15.8	1
9.6	15.8	1.029
9.8	15.8	1.08
10	15.8	1.125
10.2	15.8	1.176
10.4	15.8	1.202
10.6	15.8	1.312
10.8	15.8	1.378
11	15.8	1.448
11.2	15.8	1.156
11.4	15.8	1.109
11.6	15.8	1
11.8	15.8	1
12	15.8	1.049
12.2	15.8	1
12.4	15.8	1
12.6	15.8	1
12.8	15.8	1
13	15.8	1
13.2	15.8	1.091
13.4	15.8	1
13.6	15.8	1.042
13.8	15.8	1.09
14	15.8	1
14.2	15.8	1
14.4	15.8	1
14.6	15.8	1
14.8	15.8	1
15	15.8	1
15.2	15.8	1
15.4	15.8	1
15.6	15.8	1.051
15.8	15.8	1.249
16	15.8	1.341
16.2	15.8	1.195
16.4	15.8	1.089
16.6	15.8	1.219
16.8	15.8	1.16
17	15.8	1.156
17.2	15.8	1.05
17.4	15.8	1.049
17.6	15.8	1
17.8	15.8	1
18	15.8	1.104
18.2	15.8	1.269
18.4	15.8	1.307
18.6	15.8	1.162
18.8	15.8	1.238
19	15.8	1.336
19.2	15.8	1.073
19.4	15.8	1.132
19.6	15.8	1.199
19.8	15.8	1.006
20	15.8	1
0	16	1.057
0.2	16	1
0.4	16	1
0.6	16	1
0.8	16	1
1	16	1
1.2	16	1
1.4	16	1
1.6	16	1
1.8	16	1
2	16	1.13
2.2	16	1.506
2.4	16	1.297
2.6	16	1.22
2.8	16	1.054
3	16	1.087
3.2	16	1.133
3.4	16	1.097
3.6	16	1.061
3.8	16	1.082
4	16	1
4.2	16	1
4.4	16	1
4.6	16	1.21
4.8	16	1.174
5	16	1.035
5.2	16	1.19
5.4	16	1.199
5.6	16	1
5.8	16	1.07
6	16	1.053
6.2	16	1
6.4	16	1
6.6	16	1
6.8	16	1
7	16	1
7.2	16	1
7.4	16	1
7.6	16	1
7.8	16	1.025
8	16	1.073
8.2	16	1.218
8.4	16	1.124
8.6	16	1.022
8.8	16	1.054
9	16	1
9.2	16	1
9.4	16	1
9.6	16	1.024
9.8	16	1
10	16	1
10.2	16	1.012
10.4	16	1.027
10.6	16	1.19
10.8	16	1.407
11	16	1.385
11.2	16	1.126
11.4	16	1.12
11.6	16	1.012
11.8	16	1.076
12	16	1
12.2	16	1.005
12.4	16	1
12.6	16	1
12.8	16	1
13	16	1
13.2	16	1.116
13.4	16	1.15
13.6	16	1.15
13.8	16	1.058
14	16	1
14.2	16	1
14.4	16	1
14.6	16	1
14.8	16	1
15	16	1
15.2	16	1
15.4	16	1
15.6	16	1
15.8	16	1.116
16	16	1.134
16.2	16	1.284
16.4	16	1.039
16.6	16	1.2
16.8	16	1.346
17	16	1.24
17.2	16	1.057
17.4	16	1
17.6	16	1
17.8	16	1
18	16	1
18.2	16	1.049
18.4	16	1.14
18.6	16	1.152
18.8	16	1.18
19	16	1.058
19.2	16	1.143
19.4	16	1.187
19.6	16	1.094
19.8	16	1.09
20	16	1
0	16.2	1
0.2	16.2	1.061
0.4	16.2	1.033
0.6	16.2	1
0.8	16.2	1
1	16.2	1.036
1.2	16.2	1
1.4	16.2	1
1.6	16.2	1
1.8	16.2	1
2	16.2	1.189
2.2	16.2	1.191
2.4	16.2	1.113
2.6	16.2	1.223
2.8	16.2	1.086
3	16.2	1.185
3.2	16.2	1.084
3.4	16.2	1.044
3.6	16.2	1
3.8	16.2	1
4	16.2	1
4.2	16.2	1
4.4	16.2	1
4.6	16.2	1.155
4.8	16.2	1.051
5	16.2	1
5.2	16.2	1.094
5.4	16.2	1.075
5.6	16.2	1.308
5.8	16.2	1.192
6	16.2	1.062
6.2	16.2	1
6.4	16.2	1
6.6	16.2	1
6.8	16.2	1
7	16.2	1
7.2	16.2	1
7.4	16.2	1
7.6	16.2	1
7.8	16.2	1
8	16.2	1.089
8.2	16.2	1.146
8.4	16.2	1.333
8.6	16.2	1.144
8.8	16.2	1
9	16.2	1
9.2	16.2	1
9.4	16.2	1
9.6	16.2	1
9.8	16.2	1
10	16.2	1
10.2	16.2	1
10.4	16.2	1.117
10.6	16.2	1.239
10.8	16.2	1.28
11	16.2	1.211
11.2	16.2	1.152
11.4	16.2	1.08
11.6	16.2	1.031
11.8	16.2	1
12	16.2	1
12.2	16.2	1
12.4	16.2	1
12.6	16.2	1
12.8	16.2	1
13	16.2	1.055
13.2	16.2	1.052
13.4	16.2	1.259
13.6	16.2	1.111
13.8	16.2	1
14	16.2	1.011
14.2	16.2	1
14.4	16.2	1.1
14.6	16.2	1
14.8	16.2	1
15	16.2	1
15.2	16.2	1
15.4	16.2	1
15.6	16.2	1.041
15.8	16.2	1
16	16.2	1.123
16.2	16.2	1.097
16.4	16.2	1.145
16.6	16.2	1.194
16.8	16.2	1.228
17	16.2	1.241
17.2	16.2	1
17.4	16.2	1
17.6	16.2	1
17.8	16.2	1
18	16.2	1.005
18.2	16.2	1.255
18.4	16.2	1.097
18.6	16.2	1.14
18.8	16.2	1.068
19	16.2	1.1
19.2	16.2	1.222
19.4	16.2	1.28
19.6	16.2	1.129
19.8	16.2	1
20	16.2	1
0	16.4	1.077
0.2	16.4	1.078
0.4	16.4	1.17
0.6	16.4	1.181
0.8	16.4	1
1	16.4	1
1.2	16.4	1
1.4	16.4	1
1.6	16.4	1
1.8	16.4	1.063
2	16.4	1.003
2.2	16.4	1.083
2.4	16.4	1.115
2.6	16.4	1.017
2.8	16.4	1.144
3	16.4	1.185
3.2	16.4	1.148
3.4	16.4	1.038
3.6	16.4	1.002
3.8	16.4	1
4	16.4	1
4.2	16.4	1
4.4	16.4	1
4.6	16.4	1.004
4.8	16.4	1
5	16.4	1.041
5.2	16.4	1.04
5.4	16.4	1.195
5.6	16.4	1.149
5.8	16.4	1.212
6	16.4	1.138
6.2	16.4	1
6.4	16.4	1
6.6	16.4	1
6.8	16.4	1
7	16.4	1
7.2	16.4	1.021
7.4	16.4	1
7.6	16.4	1
7.8	16.4	1.07
8	16.4	1.063
8.2	16.4	1.303
8.4	16.4	1.133
8.6	16.4	1.105
8.8	16.4	1
9	16.4	1
9.2	16.4	1
9.4	16.4	1
9.6	16.4	1
9.8	16.4	1
10	16.4	1
10.2	16.4	1.064
10.4	16.4	1.196
10.6	16.4	1.193
10.8	16.4	1.3
11	16.4	1.136
11.2	16.4	1
11.4	16.4	1.185
11.6	16.4	1.156
11.8	16.4	1.025
12	16.4	1
12.2	16.4	1
12.4	16.4	1
12.6	16.4	1
12.8	16.4	1
13	16.4	1.086
13.2	16.4	1.056
13.4	16.4	1
13.6	16.4	1.113
13.8	16.4	1.083
14	16.4	1.215
14.2	16.4	1.045
14.4	16.4	1
14.6	16.4	1
14.8	16.4	1
15	16.4	1
15.2	16.4	1
15.4	16.4	1
15.6	16.4	1
15.8	16.4	1
16	16.4	1.1
16.2	16.4	1.037
16.4	16.4	1.185
16.6	16.4	1.229
16.8	16.4	1.158
17	16.4	1.036
17.2	16.4	1
17.4	16.4	1
17.6	16.4	1
17.8	16.4	1
18	16.4	1
18.2	16.4	1.037
18.4	16.4	1
18.6	16.4	1.041
18.8	16.4	1
19	16.4	1.168
19.2	16.4	1.263
19.4	16.4	1.356
19.6	16.4	1
19.8	16.4	1
20	16.4	1.007
0	16.6	1.073
0.2	16.6	1.173
0.4	16.6	1.262
0.6	16.6	1.219
0.8	16.6	1.204
1	16.6	1
1.2	16.6	1
1.4	16.6	1
1.6	16.6	1
1.8	16.6	1
2	16.6	1
2.2	16.6	1.014
2.4	16.6	1
2.6	16.6	1.023
2.8	16.6	1.215
3	16.6	1.123
3.2	16.6	1.208
3.4	16.6	1
3.6	16.6	1
3.8	16.6	1
4	16.6	1
4.2	16.6	1
4.4	16.6	1
4.6	16.6	1
4.8	16.6	1
5	16.6	1.031
5.2	16.6	1.091
5.4	16.6	1.288
5.6	16.6	1.31
5.8	16.6	1.116
6	16.6	1
6.2	16.6	1.031
6.4	16.6	1
6.6	16.6	1.046
6.8	16.6	1
7	16.6	1
7.2	16.6	1
7.4	16.6	1
7.6	16.6	1
7.8	16.6	1.173
8	16.6	1.343
8.2	16.6	1.232
8.4	16.6	1.198
8.6	16.6	1.084
8.8	16.6	1.06
9	16.6	1.179
9.2	16.6	1.09
9.4	16.6	1
9.6	16.6	1
9.8	16.6	1
10	16.6	1
10.2	16.6	1
10.4	16.6	1.119
10.6	16.6	1.164
10.8	16.6	1
11	16.6	1.138
11.2	16.6	1.063
11.4	16.6	1.024
11.6	16.6	1.204
11.8	16.6	1.127
12	16.6	1
12.2	16.6	1
12.4	16.6	1
12.6	16.6	1
12.8	16.6	1.023
13	16.6	1
13.2	16.6	1.232
13.4	16.6	1.166
13.6	16.6	1.086
13.8	16.6	1.125
14	16.6	1.302
14.2	16.6	1.2
14.4	16.6	1.115
14.6	16.6	1
14.8	16.6	1
15	16.6	1
15.2	16.6	1
15.4	16.6	1
15.6	16.6	1
15.8	16.6	1
16	16.6	1
16.2	16.6	1.148
16.4	16.6	1.249
16.6	16.6	1.171
16.8	16.6	1.063
17	16.6	1.011
17.2	16.6	1
17.4	16.6	1
17.6	16.6	1
17.8	16.6	1
18	16.6	1
18.2	16.6	1
18.4	16.6	1
18.6	16.6	1
18.8	16.6	1.249
19	16.6	1.106
19.2	16.6	1.232
19.4	16.6	1.136
19.6	16.6	1.062
19.8	16.6	1.014
20	16.6	1.086
0	16.8	1.208
0.2	16.8	1.401
0.4	16.8	1.32
0.6	16.8	1.222
0.8	16.8	1.039
1	16.8	1
1.2	16.8	1
1.4	16.8	1.061
1.6	16.8	1
1.8	16.8	1
2	16.8	1
2.2	16.8	1
2.4	16.8	1.047
2.6	16.8	1.251
2.8	16.8	1.303
3	16.8	1.243
3.2	16.8	1.074
3.4	16.8	1
3.6	16.8	1
3.8	16.8	1
4	16.8	1
4.2	16.8	1
4.4	16.8	1
4.6	16.8	1
4.8	16.8	1
5	16.8	1
5.2	16.8	1.021
5.4	16.8	1.188
5.6	16.8	1.188
5.8	16.8	1.095
6	16.8	1.158
6.2	16.8	1
6.4	16.8	1
6.6	16.8	1.054
6.8	16.8	1
7	16.8	1
7.2	16.8	1
7.4	16.8	1
7.6	16.8	1.074
7.8	16.8	1.164
8	16.8	1.362
8.2	16.8	1.175
8.4	16.8	1.147
8.6	16.8	1.334
8.8	16.8	1.126
9	16.8	1.152
9.2	16.8	1.047
9.4	16.8	1
9.6	16.8	1
9.8	16.8	1
10	16.8	1
10.2	16.8	1
10.4	16.8	1
10.6	16.8	1.139
10.8	16.8	1.071
11	16.8	1.036
11.2	16.8	1.153
11.4	16.8	1.061
11.6	16.8	1.068
11.8	16.8	1.037
12	16.8	1
12.2	16.8	1
12.4	16.8	1
12.6	16.8	1.062
12.8	16.8	1
13	16.8	1.143
13.2	16.8	1.032
13.4	16.8	1.097
13.6	16.8	1.169
13.8	16.8	1.382
14	16.8	1.447
14.2	16.8	1.173
14.4	16.8	1.079
14.6	16.8	1.054
14.8	16.8	1
15	16.8	1
15.2	16.8	1.041
15.4	16.8	1.021
15.6	16.8	1
15.8	16.8	1
16	16.8	1
16.2	16.8	1.048
16.4	16.8	1.219
16.6	16.8	1.195
16.8	16.8	1.006
17	16.8	1
17.2	16.8	1
17.4	16.8	1
17.6	16.8	1
17.8	16.8	1
18	16.8	1
18.2	16.8	1
18.4	16.8	1
18.6	16.8	1
18.8	16.8	1.21
19	16.8	1.302
19.2	16.8	1.016
19.4	16.8	1.131
19.6	16.8	1
19.8	16.8	1
20	16.8	1.088
0	17	1.385
0.2	17	1.434
0.4	17	1.32
0.6	17	1.319
0.8	17	1
1	17	1
1.2	17	1
1.4	17	1
1.6	17	1
1.8	17	1
2	17	1
2.2	17	1
2.4	17	1.016
2.6	17	1.112
2.8	17	1.131
3	17	1.135
3.2	17	1.057
3.4	17	1
3.6	17	1
3.8	17	1
4	17	1
4.2	17	1
4.4	17	1
4.6	17	1
4.8	17	1
5	17	1.127
5.2	17	1.061
5.4	17	1.124
5.6	17	1.123
5.8	17	1.139
6	17	1.121
6.2	17	1.172
6.4	17	1
6.6	17	1.1
6.8	17	1
7	17	1
7.2	17	1.004
7.4	17	1
7.6	17	1.199
7.8	17	1.112
8	17	1.258
8.2	17	1.127
8.4	17	1.087
8.6	17	1.203
8.8	17	1.333
9	17	1.149
9.2	17	1.085
9.4	17	1
9.6	17	1
9.8	17	1
10	17	1
10.2	17	1
10.4	17	1
10.6	17	1
10.8	17	1
11	17	1.069
11.2	17	1.239
11.4	17	1.076
11.6	17	1
11.8	17	1
12	17	1
12.2	17	1
12.4	17	1
12.6	17	1
12.8	17	1
13	17	1
13.2	17	1.102
13.4	17	1.114
13.6	17	1.173
13.8	17	1.281
14	17	1.379
14.2	17	1.173
14.4	17	1.017
14.6	17	1.123
14.8	17	1.111
15	17	1.011
15.2	17	1.004
15.4	17	1
15.6	17	1
15.8	17	1
16	17	1
16.2	17	1.115
16.4	17	1.216
16.6	17	1.084
16.8	17	1.019
17	17	1.004
17.2	17	1
17.4	17	1.023
17.6	17	1
17.8	17	1
18	17	1
18.2	17	1
18.4	17	1
18.6	17	1
18.8	17	1.056
19	17	1.099
19.2	17	1.138
19.4	17	1.199
19.6	17	1.13
19.8	17	1.363
20	17	1.187
0	17.2	1.258
0.2	17.2	1.385
0.4	17.2	1.352
0.6	17.2	1.316
0.8	17.2	1.094
1	17.2	1.1
1.2	17.2	1.086
1.4	17.2	1.004
1.6	17.2	1
1.8	17.2	1
2	17.2	1
2.2	17.2	1
2.4	17.2	1.084
2.6	17.2	1
2.8	17.2	1
3	17.2	1
3.2	17.2	1
3.4	17.2	1.003
3.6	17.2	1
3.8	17.2	1
4	17.2	1
4.2	17.2	1
4.4	17.2	1
4.6	17.2	1
4.8	17.2	1
5	17.2	1
5.2	17.2	1.141
5.4	17.2	1.089
5.6	17.2	1.042
5.8	17.2	1.253
6	17.2	1.186
6.2	17.2	1.391
6.4	17.2	1.344
6.6	17.2	1.11
6.8	17.2	1
7	17.2	1.117
7.2	17.2	1.019
7.4	17.2	1.061
7.6	17.2	1.231
7.8	17.2	1.22
8	17.2	1.257
8.2	17.2	1.123
8.4	17.2	1.269
8.6	17.2	1.201
8.8	17.2	1.315
9	17.2	1.119
9.2	17.2	1
9.4	17.2	1
9.6	17.2	1
9.8	17.2	1
10	17.2	1
10.2	17.2	1
10.4	17.2	1
10.6	17.2	1
10.8	17.2	1
11	17.2	1
11.2	17.2	1
11.4	17.2	1
11.6	17.2	1
11.8	17.2	1
12	17.2	1
12.2	17.2	1
12.4	17.2	1
12.6	17.2	1
12.8	17.2	1
13	17.2	1
13.2	17.2	1.151
13.4	17.2	1.114
13.6	17.2	1.4
13.8	17.2	1.36
14	17.2	1.364
14.2	17.2	1.372
14.4	17.2	1.185
14.6	17.2	1.138
14.8	17.2	1.285
15	17.2	1.099
15.2	17.2	1.056
15.4	17.2	1
15.6	17.2	1
15.8	17.2	1
16	17.2	1.073
16.2	17.2	1.123
16.4	17.2	1.059
16.6	17.2	1.033
16.8	17.2	1
17	17.2	1.045
17.2	17.2	1
17.4	17.2	1
17.6	17.2	1
17.8	17.2	1
18	17.2	1
18.2	17.2	1
18.4	17.2	1
18.6	17.2	1
18.8	17.2	1
19	17.2	1.021
19.2	17.2	1.036
19.4	17.2	1
19.6	17.2	1.179
19.8	17.2	1.285
20	17.2	1.327
0	17.4	1.537
0.2	17.4	1.316
0.4	17.4	1.338
0.6	17.4	1.17
0.8	17.4	1.382
1	17.4	1.323
1.2	17.4	1.212
1.4	17.4	1.069
1.6	17.4	1.008
1.8	17.4	1
2	17.4	1
2.2	17.4	1
2.4	17.4	1
2.6	17.4	1.079
2.8	17.4	1.046
3	17.4	1
3.2	17.4	1
3.4	17.4	1.033
3.6	17.4	1.071
3.8	17.4	1
4	17.4	1
4.2	17.4	1
4.4	17.4	1
4.6	17.4	1
4.8	17.4	1
5	17.4	1
5.2	17.4	1
5.4	17.4	1.142
5.6	17.4	1.047
5.8	17.4	1.2
6	17.4	1.214
6.2	17.4	1.319
6.4	17.4	1.125
6.6	17.4	1.171
6.8	17.4	1.056
7	17.4	1.002
7.2	17.4	1.076
7.4	17.4	1.194
7.6	17.4	1.043
7.8	17.4	1.13
8	17.4	1.188
8.2	17.4	1.071
8.4	17.4	1.367
8.6	17.4	1.208
8.8	17.4	1.248
9	17.4	1
9.2	17.4	1.035
9.4	17.4	1
9.6	17.4	1
9.8	17.4	1
10	17.4	1
10.2	17.4	1
10.4	17.4	1
10.6	17.4	1
10.8	17.4	1
11	17.4	1
11.2	17.4	1.099
11.4	17.4	1.094
11.6	17.4	1.004
11.8	17.4	1
12	17.4	1
12.2	17.4	1
12.4	17.4	1.028
12.6	17.4	1
12.8	17.4	1
13	17.4	1
13.2	17.4	1
13.4	17.4	1.377
13.6	17.4	1.236
13.8	17.4	1.285
14	17.4	1.418
14.2	17.4	1.278
14.4	17.4	1.221
14.6	17.4	1.438
14.8	17.4	1.29
15	17.4	1.082
15.2	17.4	1
15.4	17.4	1.019
15.6	17.4	1
15.8	17.4	1.07
16	17.4	1.108
16.2	17.4	1.006
16.4	17.4	1
16.6	17.4	1.087
16.8	17.4	1.099
17	17.4	1
17.2	17.4	1.033
17.4	17.4	1
17.6	17.4	1
17.8	17.4	1
18	17.4	1
18.2	17.4	1
18.4	17.4	1
18.6	17.4	1
18.8	17.4	1
19	17.4	1
19.2	17.4	1.129
19.4	17.4	1.189
19.6	17.4	1.407
19.8	17.4	1.264
20	17.4	1.145
0	17.6	1.533
0.2	17.6	1.342
0.4	17.6	1.345
0.6	17.6	1.413
0.8	17.6	1.27
1	17.6	1.399
1.2	17.6	1.273
1.4	17.6	1.146
1.6	17.6	1
1.8	17.6	1
2	17.6	1
2.2	17.6	1
2.4	17.6	1.113
2.6	17.6	1
2.8	17.6	1
3	17.6	1
3.2	17.6	1.069
3.4	17.6	1
3.6	17.6	1.015
3.8	17.6	1
4	17.6	1
4.2	17.6	1
4.4	17.6	1
4.6	17.6	1
4.8	17.6	1
5	17.6	1
5.2	17.6	1
5.4	17.6	1
5.6	17.6	1.146
5.8	17.6	1.31
6	17.6	1.344
6.2	17.6	1.253
6.4	17.6	1.283
6.6	17.6	1.188
6.8	17.6	1.178
7	17.6	1.158
7.2	17.6	1.065
7.4	17.6	1.193
7.6	17.6	1.091
7.8	17.6	1.042
8	17.6	1.126
8.2	17.6	1.215
8.4	17.6	1.429
8.6	17.6	1.227
8.8	17.6	1.141
9	17.6	1.04
9.2	17.6	1.081
9.4	17.6	1
9.6	17.6	1
9.8	17.6	1
10	17.6	1
10.2	17.6	1
10.4	17.6	1
10.6	17.6	1
10.8	17.6	1
11	17.6	1.062
11.2	17.6	1
11.4	17.6	1.049
11.6	17.6	1
11.8	17.6	1
12	17.6	1
12.2	17.6	1.051
12.4	17.6	1
12.6	17.6	1
12.8	17.6	1
13	17.6	1
13.2	17.6	1.129
13.4	17.6	1.11
13.6	17.6	1.155
13.8	17.6	1.416
14	17.6	1.328
14.2	17.6	1.281
14.4	17.6	1.411
14.6	17.6	1.437
14.8	17.6	1.282
15	17.6	1
15.2	17.6	1.106
15.4	17.6	1
15.6	17.6	1
15.8	17.6	1
16	17.6	1.023
16.2	17.6	1
16.4	17.6	1
16.6	17.6	1
16.8	17.6	1.005
17	17.6	1
17.2	17.6	1
17.4	17.6	1
17.6	17.6	1
17.8	17.6	1
18	17.6	1
18.2	17.6	1
18.4	17.6	1
18.6	17.6	1
18.8	17.6	1
19	17.6	1
19.2	17.6	1.046
19.4	17.6	1.293
19.6	17.6	1.23
19.8	17.6	1.081
20	17.6	1.093
0	17.8	1.256
0.2	17.8	1.41
0.4	17.8	1.165
0.6	17.8	1.404
0.8	17.8	1.581
1	17.8	1.399
1.2	17.8	1.302
1.4	17.8	1
1.6	17.8	1
1.8	17.8	1
2	17.8	1
2.2	17.8	1
2.4	17.8	1
2.6	17.8	1
2.8	17.8	1
3	17.8	1
3.2	17.8	1.186
3.4	17.8	1.021
3.6	17.8	1
3.8	17.8	1
4	17.8	1
4.2	17.8	1
4.4	17.8	1
4.6	17.8	1
4.8	17.8	1
5	17.8	1
5.2	17.8	1
5.4	17.8	1
5.6	17.8	1.143
5.8	17.8	1.252
6	17.8	1.315
6.2	17.8	1.349
6.4	17.8	1.255
6.6	17.8	1.374
6.8	17.8	1.251
7	17.8	1.321
7.2	17.8	1.106
7.4	17.8	1.154
7.6	17.8	1
7.8	17.8	1.116
8	17.8	1.25
8.2	17.8	1.319
8.4	17.8	1.551
8.6	17.8	1.412
8.8	17.8	1.274
9	17.8	1.138
9.2	17.8	1.159
9.4	17.8	1
9.6	17.8	1
9.8	17.8	1
10	17.8	1
10.2	17.8	1
10.4	17.8	1
10.6	17.8	1
10.8	17.8	1
11	17.8	1
11.2	17.8	1
11.4	17.8	1
11.6	17.8	1.187
11.8	17.8	1.02
12	17.8	1
12.2	17.8	1
12.4	17.8	1
12.6	17.8	1
12.8	17.8	1
13	17.8	1.007
13.2	17.8	1.084
13.4	17.8	1.378
13.6	17.8	1.203
13.8	17.8	1.289
14	17.8	1.426
14.2	17.8	1.542
14.4	17.8	1.619
14.6	17.8	1.487
14.8	17.8	1.376
15	17.8	1.059
15.2	17.8	1.072
15.4	17.8	1.046
15.6	17.8	1.108
15.8	17.8	1
16	17.8	1
16.2	17.8	1
16.4	17.8	1
16.6	17.8	1.002
16.8	17.8	1.123
17	17.8	1
17.2	17.8	1
17.4	17.8	1
17.6	17.8	1
17.8	17.8	1
18	17.8	1
18.2	17.8	1
18.4	17.8	1
18.6	17.8	1
18.8	17.8	1
19	17.8	1
19.2	17.8	1.07
19.4	17.8	1.155
19.6	17.8	1.207
19.8	17.8	1.085
20	17.8	1.05
0	18	1.188
0.2	18	1.352
0.4	18	1.52
0.6	18	1.38
0.8	18	1.481
1	18	1.298
1.2	18	1.197
1.4	18	1.134
1.6	18	1
1.8	18	1
2	18	1.029
2.2	18	1
2.4	18	1
2.6	18	1
2.8	18	1
3	18	1
3.2	18	1.018
3.4	18	1
3.6	18	1
3.8	18	1
4	18	1
4.2	18	1
4.4	18	1
4.6	18	1
4.8	18	1
5	18	1
5.2	18	1
5.4	18	1
5.6	18	1.159
5.8	18	1.228
6	18	1.351
6.2	18	1.131
6.4	18	1.222
6.6	18	1.335
6.8	18	1.238
7	18	1.318
7.2	18	1.142
7.4	18	1.079
7.6	18	1.1
7.8	18	1.2
8	18	1.251
8.2	18	1.258
8.4	18	1.277
8.6	18	1.29
8.8	18	1.082
9	18	1.111
9.2	18	1.065
9.4	18	1.005
9.6	18	1
9.8	18	1
10	18	1
10.2	18	1
10.4	18	1
10.6	18	1
10.8	18	1
11	18	1
11.2	18	1
11.4	18	1
11.6	18	1
11.8	18	1.052
12	18	1.022
12.2	18	1
12.4	18	1
12.6	18	1
12.8	18	1
13	18	1.037
13.2	18	1.123
13.4	18	1.294
13.6	18	1.153
13.8	18	1.397
14	18	1.373
14.2	18	1.635
14.4	18	1.659
14.6	18	1.43
14.8	18	1.42
15	18	1.185
15.2	18	1.01
15.4	18	1.026
15.6	18	1.103
15.8	18	1.002
16	18	1
16.2	18	1
16.4	18	1
16.6	18	1
16.8	18	1.225
17	18	1.003
17.2	18	1
17.4	18	1
17.6	18	1
17.8	18	1
18	18	1
18.2	18	1
18.4	18	1
18.6	18	1
18.8	18	1
19	18	1
19.2	18	1.096
19.4	18	1.118
19.6	18	1.174
19.8	18	1.261
20	18	1.171
0	18.2	1.085
0.2	18.2	1.252
0.4	18.2	1.496
0.6	18.2	1.424
0.8	18.2	1.507
1	18.2	1.276
1.2	18.2	1.351
1.4	18.2	1.277
1.6	18.2	1
1.8	18.2	1.014
2	18.2	1
2.2	18.2	1
2.4	18.2	1
2.6	18.2	1
2.8	18.2	1
3	18.2	1
3.2	18.2	1.039
3.4	18.2	1
3.6	18.2	1
3.8	18.2	1
4	18.2	1
4.2	18.2	1
4.4	18.2	1
4.6	18.2	1
4.8	18.2	1
5	18.2	1
5.2	18.2	1
5.4	18.2	1
5.6	18.2	1.115
5.8	18.2	1.208
6	18.2	1.26
6.2	18.2	1.301
6.4	18.2	1.267
6.6	18.2	1.378
6.8	18.2	1.33
7	18.2	1.201
7.2	18.2	1.099
7.4	18.2	1
7.6	18.2	1.056
7.8	18.2	1.214
8	18.2	1.275
8.2	18.2	1.443
8.4	18.2	1.065
8.6	18.2	1.231
8.8	18.2	1.184
9	18.2	1.258
9.2	18.2	1.212
9.4	18.2	1.007
9.6	18.2	1
9.8	18.2	1
10	18.2	1
10.2	18.2	1
10.4	18.2	1
10.6	18.2	1
10.8	18.2	1
11	18.2	1
11.2	18.2	1
11.4	18.2	1
11.6	18.2	1.254
11.8	18.2	1.137
12	18.2	1
12.2	18.2	1
12.4	18.2	1
12.6	18.2	1
12.8	18.2	1
13	18.2	1.034
13.2	18.2	1.133
13.4	18.2	1
13.6	18.2	1.113
13.8	18.2	1.368
14	18.2	1.493
14.2	18.2	1.695
14.4	18.2	1.439
14.6	18.2	1.62
14.8	18.2	1.179
15	18.2	1.058
15.2	18.2	1.171
15.4	18.2	1.023
15.6	18.2	1
15.8	18.2	1
16	18.2	1
16.2	18.2	1
16.4	18.2	1
16.6	18.2	1
16.8	18.2	1.081
17	18.2	1
17.2	18.2	1
17.4	18.2	1
17.6	18.2	1
17.8	18.2	1
18	18.2	1
18.2	18.2	1
18.4	18.2	1
18.6	18.2	1
18.8	18.2	1
19	18.2	1
19.2	18.2	1
19.4	18.2	1.157
19.6	18.2	1.133
19.8	18.2	1.136
20	18.2	1.298
0	18.4	1.1
0.2	18.4	1.265
0.4	18.4	1.445
0.6	18.4	1.601
0.8	18.4	1.496
1	18.4	1.449
1.2	18.4	1.181
1.4	18.4	1.234
1.6	18.4	1.117
1.8	18.4	1
2	18.4	1
2.2	18.4	1
2.4	18.4	1
2.6	18.4	1
2.8	18.4	1
3	18.4	1
3.2	18.4	1
3.4	18.4	1
3.6	18.4	1
3.8	18.4	1
4	18.4	1
4.2	18.4	1
4.4	18.4	1
4.6	18.4	1
4.8	18.4	1
5	18.4	1
5.2	18.4	1
5.4	18.4	1
5.6	18.4	1.166
5.8	18.4	1.014
6	18.4	1.108
6.2	18.4	1.273
6.4	18.4	1.593
6.6	18.4	1.604
6.8	18.4	1.471
7	18.4	1.31
7.2	18.4	1.006
7.4	18.4	1.123
7.6	18.4	1.108
7.8	18.4	1.154
8	18.4	1.255
8.2	18.4	1.174
8.4	18.4	1.244
8.6	18.4	1.027
8.8	18.4	1.235
9	18.4	1.179
9.2	18.4	1.14
9.4	18.4	1.019
9.6	18.4	1
9.8	18.4	1
10	18.4	1
10.2	18.4	1
10.4	18.4	1
10.6	18.4	1
10.8	18.4	1
11	18.4	1
11.2	18.4	1
11.4	18.4	1
11.6	18.4	1.131
11.8	18.4	1.04
12	18.4	1
12.2	18.4	1
12.4	18.4	1
12.6	18.4	1
12.8	18.4	1
13	18.4	1
13.2	18.4	1.036
13.4	18.4	1.004
13.6	18.4	1.148
13.8	18.4	1.318
14	18.4	1.753
14.2	18.4	1.511
14.4	18.4	1.344
14.6	18.4	1.29
14.8	18.4	1.412
15	18.4	1.421
15.2	18.4	1.201
15.4	18.4	1.233
15.6	18.4	1.019
15.8	18.4	1
16	18.4	1
16.2	18.4	1
16.4	18.4	1
16.6	18.4	1
16.8	18.4	1
17	18.4	1
17.2	18.4	1
17.4	18.4	1
17.6	18.4	1
17.8	18.4	1
18	18.4	1
18.2	18.4	1
18.4	18.4	1
18.6	18.4	1
18.8	18.4	1
19	18.4	1
19.2	18.4	1
19.4	18.4	1.008
19.6	18.4	1.072
19.8	18.4	1.439
20	18.4	1.233
0	18.6	1.335
0.2	18.6	1.358
0.4	18.6	1.54
0.6	18.6	1.73
0.8	18.6	1.37
1	18.6	1.31
1.2	18.6	1.32
1.4	18.6	1.209
1.6	18.6	1.247
1.8	18.6	1
2	18.6	1
2.2	18.6	1
2.4	18.6	1
2.6	18.6	1
2.8	18.6	1
3	18.6	1
3.2	18.6	1
3.4	18.6	1
3.6	18.6	1
3.8	18.6	1
4	18.6	1
4.2	18.6	1
4.4	18.6	1
4.6	18.6	1
4.8	18.6	1
5	18.6	1
5.2	18.6	1
5.4	18.6	1
5.6	18.6	1
5.8	18.6	1.076
6	18.6	1.273
6.2	18.6	1.272
6.4	18.6	1.644
6.6	18.6	1.434
6.8	18.6	1.397
7	18.6	1.172
7.2	18.6	1.076
7.4	18.6	1.106
7.6	18.6	1.134
7.8	18.6	1.188
8	18.6	1.103
8.2	18.6	1.188
8.4	18.6	1.073
8.6	18.6	1.131
8.8	18.6	1.243
9	18.6	1.348
9.2	18.6	1.165
9.4	18.6	1
9.6	18.6	1
9.8	18.6	1
10	18.6	1
10.2	18.6	1
10.4	18.6	1
10.6	18.6	1
10.8	18.6	1
11	18.6	1
11.2	18.6	1
11.4	18.6	1
11.6	18.6	1
11.8	18.6	1.119
12	18.6	1.018
12.2	18.6	1.034
12.4	18.6	1.038
12.6	18.6	1
12.8	18.6	1.067
13	18.6	1
13.2	18.6	1.086
13.4	18.6	1.069
13.6	18.6	1.228
13.8	18.6	1.398
14	18.6	1.634
14.2	18.6	1.389
14.4	18.6	1.609
14.6	18.6	1.416
14.8	18.6	1.313
15	18.6	1.338
15.2	18.6	1.162
15.4	18.6	1.164
15.6	18.6	1
15.8	18.6	1
16	18.6	1
16.2	18.6	1
16.4	18.6	1
16.6	18.6	1
16.8	18.6	1
17	18.6	1.013
17.2	18.6	1
17.4	18.6	1
17.6	18.6	1
17.8	18.6	1
18	18.6	1
18.2	18.6	1
18.4	18.6	1
18.6	18.6	1
18.8	18.6	1
19	18.6	1
19.2	18.6	1
19.4	18.6	1.008
19.6	18.6	1.097
19.8	18.6	1.13
20	18.6	1.413
0	18.8	1.153
0.2	18.8	1.48
0.4	18.8	1.454
0.6	18.8	1.597
0.8	18.8	1.497
1	18.8	1.317
1.2	18.8	1.237
1.4	18.8	1.277
1.6	18.8	1.085
1.8	18.8	1.117
2	18.8	1
2.2	18.8	1
2.4	18.8	1
2.6	18.8	1
2.8	18.8	1
3	18.8	1
3.2	18.8	1
3.4	18.8	1
3.6	18.8	1
3.8	18.8	1
4	18.8	1
4.2	18.8	1
4.4	18.8	1
4.6	18.8	1
4.8	18.8	1
5	18.8	1
5.2	18.8	1
5.4	18.8	1
5.6	18.8	1
5.8	18.8	1.107
6	18.8	1.218
6.2	18.8	1.489
6.4	18.8	1.497
6.6	18.8	1.431
6.8	18.8	1.382
7	18.8	1.163
7.2	18.8	1.259
7.4	18.8	1.127
7.6	18.8	1.159
7.8	18.8	1.019
8	18.8	1.089
8.2	18.8	1.205
8.4	18.8	1.125
8.6	18.8	1.287
8.8	18.8	1.48
9	18.8	1.274
9.2	18.8	1.039
9.4	18.8	1
9.6	18.8	1
9.8	18.8	1
10	18.8	1
10.2	18.8	1
10.4	18.8	1
10.6	18.8	1
10.8	18.8	1
11	18.8	1
11.2	18.8	1
11.4	18.8	1
11.6	18.8	1.125
11.8	18.8	1
12	18.8	1
12.2	18.8	1.05
12.4	18.8	1.009
12.6	18.8	1.049
12.8	18.8	1
13	18.8	1
13.2	18.8	1
13.4	18.8	1.05
13.6	18.8	1.338
13.8	18.8	1.371
14	18.8	1.325
14.2	18.8	1.407
14.4	18.8	1.268
14.6	18.8	1.377
14.8	18.8	1.55
15	18.8	1.426
15.2	18.8	1.362
15.4	18.8	1
15.6	18.8	1
15.8	18.8	1
16	18.8	1
16.2	18.8	1
16.4	18.8	1
16.6	18.8	1
16.8	18.8	1
17	18.8	1
17.2	18.8	1
17.4	18.8	1
17.6	18.8	1
17.8	18.8	1
18	18.8	1
18.2	18.8	1
18.4	18.8	1
18.6	18.8	1
18.8	18.8	1
19	18.8	1
19.2	18.8	1
19.4	18.8	1
19.6	18.8	1.165
19.8	18.8	1.312
20	18.8	1.374
0	19	1.289
0.2	19	1.5
0.4	19	1.348
0.6	19	1.341
0.8	19	1.27
1	19	1.451
1.2	19	1.509
1.4	19	1.42
1.6	19	1.165
1.8	19	1.022
2	19	1
2.2	19	1
2.4	19	1
2.6	19	1
2.8	19	1
3	19	1
3.2	19	1
3.4	19	1
3.6	19	1.018
3.8	19	1.015
4	19	1
4.2	19	1
4.4	19	1
4.6	19	1
4.8	19	1
5	19	1
5.2	19	1
5.4	19	1
5.6	19	1
5.8	19	1.049
6	19	1.343
6.2	19	1.209
6.4	19	1.487
6.6	19	1.517
6.8	19	1.497
7	19	1.373
7.2	19	1.452
7.4	19	1.314
7.6	19	1.226
7.8	19	1.157
8	19	1.04
8.2	19	1
8.4	19	1.115
8.6	19	1.161
8.8	19	1.305
9	19	1.181
9.2	19	1.031
9.4	19	1
9.6	19	1
9.8	19	1
10	19	1
10.2	19	1
10.4	19	1
10.6	19	1
10.8	19	1
11	19	1
11.2	19	1
11.4	19	1
11.6	19	1
11.8	19	1.072
12	19	1
12.2	19	1.045
12.4	19	1.18
12.6	19	1.025
12.8	19	1.056
13	19	1
13.2	19	1
13.4	19	1.083
13.6	19	1.194
13.8	19	1.264
14	19	1.354
14.2	19	1.303
14.4	19	1.516
14.6	19	1.577
14.8	19	1.63
15	19	1.353
15.2	19	1.119
15.4	19	1.062
15.6	19	1.176
15.8	19	1.007
16	19	1
16.2	19	1
16.4	19	1
16.6	19	1
16.8	19	1
17	19	1
17.2	19	1
17.4	19	1
17.6	19	1
17.8	19	1
18	19	1
18.2	19	1
18.4	19	1
18.6	19	1
18.8	19	1
19	19	1
19.2	19	1
19.4	19	1
19.6	19	1.35
19.8	19	1.267
20	19	1.394
0	19.2	1.226
0.2	19.2	1.358
0.4	19.2	1.284
0.6	19.2	1.474
0.8	19.2	1.385
1	19.2	1.61
1.2	19.2	1.517
1.4	19.2	1.323
1.6	19.2	1.167
1.8	19.2	1
2	19.2	1
2.2	19.2	1
2.4	19.2	1
2.6	19.2	1
2.8	19.2	1
3	19.2	1
3.2	19.2	1
3.4	19.2	1
3.6	19.2	1
3.8	19.2	1
4	19.2	1
4.2	19.2	1
4.4	19.2	1
4.6	19.2	1
4.8	19.2	1
5	19.2	1
5.2	19.2	1
5.4	19.2	1
5.6	19.2	1
5.8	19.2	1
6	19.2	1.268
6.2	19.2	1.49
6.4	19.2	1.303
6.6	19.2	1.559
6.8	19.2	1.294
7	19.2	1.387
7.2	19.2	1.282
7.4	19.2	1.312
7.6	19.2	1.165
7.8	19.2	1
8	19.2	1.24
8.2	19.2	1.035
8.4	19.2	1.134
8.6	19.2	1.302
8.8	19.2	1.338
9	19.2	1.203
9.2	19.2	1
9.4	19.2	1.044
9.6	19.2	1
9.8	19.2	1
10	19.2	1
10.2	19.2	1
10.4	19.2	1
10.6	19.2	1
10.8	19.2	1
11	19.2	1
11.2	19.2	1
11.4	19.2	1
11.6	19.2	1
11.8	19.2	1.055
12	19.2	1
12.2	19.2	1.277
12.4	19.2	1.279
12.6	19.2	1.064
12.8	19.2	1.023
13	19.2	1
13.2	19.2	1.009
13.4	19.2	1.216
13.6	19.2	1.265
13.8	19.2	1.115
14	19.2	1.221
14.2	19.2	1.131
14.4	19.2	1.496
14.6	19.2	1.403
14.8	19.2	1.626
15	19.2	1.496
15.2	19.2	1.185
15.4	19.2	1.124
15.6	19.2	1
15.8	19.2	1
16	19.2	1
16.2	19.2	1
16.4	19.2	1
16.6	19.2	1
16.8	19.2	1
17	19.2	1
17.2	19.2	1
17.4	19.2	1
17.6	19.2	1
17.8	19.2	1
18	19.2	1
18.2	19.2	1
18.4	19.2	1
18.6	19.2	1
18.8	19.2	1
19	19.2	1
19.2	19.2	1
19.4	19.2	1
19.6	19.2	1.155
19.8	19.2	1.251
20	19.2	1.338
0	19.4	1.185
0.2	19.4	1.223
0.4	19.4	1.118
0.6	19.4	1.325
0.8	19.4	1.342
1	19.4	1.533
1.2	19.4	1.283
1.4	19.4	1.304
1.6	19.4	1
1.8	19.4	1
2	19.4	1.021
2.2	19.4	1
2.4	19.4	1
2.6	19.4	1
2.8	19.4	1
3	19.4	1
3.2	19.4	1
3.4	19.4	1
3.6	19.4	1
3.8	19.4	1
4	19.4	1
4.2	19.4	1
4.4	19.4	1
4.6	19.4	1
4.8	19.4	1
5	19.4	1
5.2	19.4	1
5.4	19.4	1
5.6	19.4	1.14
5.8	19.4	1
6	19.4	1.24
6.2	19.4	1.2
6.4	19.4	1.296
6.6	19.4	1.322
6.8	19.4	1.47
7	19.4	1.404
7.2	19.4	1.386
7.4	19.4	1.239
7.6	19.4	1.005
7.8	19.4	1
8	19.4	1
8.2	19.4	1.105
8.4	19.4	1.204
8.6	19.4	1.137
8.8	19.4	1.085
9	19.4	1
9.2	19.4	1.122
9.4	19.4	1.045
9.6	19.4	1.125
9.8	19.4	1.036
10	19.4	1
10.2	19.4	1
10.4	19.4	1
10.6	19.4	1
10.8	19.4	1
11	19.4	1
11.2	19.4	1
11.4	19.4	1
11.6	19.4	1
11.8	19.4	1
12	19.4	1.148
12.2	19.4	1.089
12.4	19.4	1.107
12.6	19.4	1.014
12.8	19.4	1
13	19.4	1.011
13.2	19.4	1.115
13.4	19.4	1.164
13.6	19.4	1.12
13.8	19.4	1
14	19.4	1.29
14.2	19.4	1.364
14.4	19.4	1.381
14.6	19.4	1.475
14.8	19.4	1.498
15	19.4	1.4
15.2	19.4	1.178
15.4	19.4	1.205
15.6	19.4	1
15.8	19.4	1
16	19.4	1
16.2	19.4	1
16.4	19.4	1
16.6	19.4	1
16.8	19.4	1
17	19.4	1
17.2	19.4	1
17.4	19.4	1
17.6	19.4	1
17.8	19.4	1
18	19.4	1
18.2	19.4	1
18.4	19.4	1
18.6	19.4	1
18.8	19.4	1
19	19.4	1
19.2	19.4	1
19.4	19.4	1.036
19.6	19.4	1.28
19.8	19.4	1.176
20	19.4	1.22
0	19.6	1.208
0.2	19.6	1.047
0.4	19.6	1.077
0.6	19.6	1.35
0.8	19.6	1.531
1	19.6	1.484
1.2	19.6	1.355
1.4	19.6	1.12
1.6	19.6	1.134
1.8	19.6	1.182
2	19.6	1
2.2	19.6	1
2.4	19.6	1
2.6	19.6	1
2.8	19.6	1
3	19.6	1
3.2	19.6	1
3.4	19.6	1
3.6	19.6	1
3.8	19.6	1
4	19.6	1
4.2	19.6	1.002
4.4	19.6	1.039
4.6	19.6	1.023
4.8	19.6	1
5	19.6	1
5.2	19.6	1
5.4	19.6	1
5.6	19.6	1
5.8	19.6	1.187
6	19.6	1.176
6.2	19.6	1.229
6.4	19.6	1.147
6.6	19.6	1.411
6.8	19.6	1.428
7	19.6	1.504
7.2	19.6	1.395
7.4	19.6	1.231
7.6	19.6	1.075
7.8	19.6	1.092
8	19.6	1.044
8.2	19.6	1
8.4	19.6	1.148
8.6	19.6	1
8.8	19.6	1
9	19.6	1
9.2	19.6	1.152
9.4	19.6	1.151
9.6	19.6	1
9.8	19.6	1
10	19.6	1
10.2	19.6	1
10.4	19.6	1
10.6	19.6	1
10.8	19.6	1
11	19.6	1
11.2	19.6	1
11.4	19.6	1
11.6	19.6	1
11.8	19.6	1.225
12	19.6	1.067
12.2	19.6	1
12.4	19.6	1.059
12.6	19.6	1
12.8	19.6	1.079
13	19.6	1.159
13.2	19.6	1.084
13.4	19.6	1.04
13.6	19.6	1.062
13.8	19.6	1.026
14	19.6	1.14
14.2	19.6	1.417
14.4	19.6	1.556
14.6	19.6	1.558
14.8	19.6	1.385
15	19.6	1.135
15.2	19.6	1.236
15.4	19.6	1.15
15.6	19.6	1.129
15.8	19.6	1
16	19.6	1
16.2	19.6	1
16.4	19.6	1
16.6	19.6	1
16.8	19.6	1
17	19.6	1
17.2	19.6	1
17.4	19.6	1
17.6	19.6	1
17.8	19.6	1
18	19.6	1
18.2	19.6	1
18.4	19.6	1
18.6	19.6	1
18.8	19.6	1
19	19.6	1
19.2	19.6	1
19.4	19.6	1.1
19.6	19.6	1.041
19.8	19.6	1.106
20	19.6	1.273
0	19.8	1
0.2	19.8	1.056
0.4	19.8	1.246
0.6	19.8	1.202
0.8	19.8	1.369
1	19.8	1.433
1.2	19.8	1.294
1.4	19.8	1.343
1.6	19.8	1.07
1.8	19.8	1.023
2	19.8	1.117
2.2	19.8	1
2.4	19.8	1
2.6	19.8	1
2.8	19.8	1
3	19.8	1
3.2	19.8	1
3.4	19.8	1
3.6	19.8	1
3.8	19.8	1
4	19.8	1
4.2	19.8	1
4.4	19.8	1.002
4.6	19.8	1
4.8	19.8	1
5	19.8	1
5.2	19.8	1
5.4	19.8	1
5.6	19.8	1
5.8	19.8	1
6	19.8	1.119
6.2	19.8	1.162
6.4	19.8	1.295
6.6	19.8	1.428
6.8	19.8	1.637
7	19.8	1.384
7.2	19.8	1.187
7.4	19.8	1.084
7.6	19.8	1.023
7.8	19.8	1
8	19.8	1.091
8.2	19.8	1.168
8.4	19.8	1.136
8.6	19.8	1.01
8.8	19.8	1.167
9	19.8	1.058
9.2	19.8	1.044
9.4	19.8	1.261
9.6	19.8	1
9.8	19.8	1
10	19.8	1
10.2	19.8	1
10.4	19.8	1
10.6	19.8	1
10.8	19.8	1
11	19.8	1
11.2	19.8	1
11.4	19.8	1
11.6	19.8	1
11.8	19.8	1
12	19.8	1.135
12.2	19.8	1.107
12.4	19.8	1
12.6	19.8	1
12.8	19.8	1.139
13	19.8	1.047
13.2	19.8	1.123
13.4	19.8	1
13.6	19.8	1
13.8	19.8	1.029
14	19.8	1.354
14.2	19.8	1.373
14.4	19.8	1.395
14.6	19.8	1.398
14.8	19.8	1.182
15	19.8	1.21
15.2	19.8	1.099
15.4	19.8	1.406
15.6	19.8	1.274
15.8	19.8	1
16	19.8	1
16.2	19.8	1
16.4	19.8	1
16.6	19.8	1
16.8	19.8	1
17	19.8	1
17.2	19.8	1
17.4	19.8	1
17.6	19.8	1
17.8	19.8	1
18	19.8	1
18.2	19.8	1
18.4	19.8	1
18.6	19.8	1
18.8	19.8	1
19	19.8	1
19.2	19.8	1
19.4	19.8	1
19.6	19.8	1
19.8	19.8	1.28
20	19.8	1.134
0	20	1
0.2	20	1
0.4	20	1.15
0.6	20	1.133
0.8	20	1.318
1	20	1.111
1.2	20	1.251
1.4	20	1.141
1.6	20	1.228
1.8	20	1.25
2	20	1.235
2.2	20	1
2.4	20	1
2.6	20	1
2.8	20	1
3	20	1
3.2	20	1
3.4	20	1
3.6	20	1
3.8	20	1
4	20	1
4.2	20	1.018
4.4	20	1
4.6	20	1
4.8	20	1
5	20	1
5.2	20	1
5.4	20	1
5.6	20	1.02
5.8	20	1.056
6	20	1.027
6.2	20	1.082
6.4	20	1.314
6.6	20	1.305
6.8	20	1.297
7	20	1.412
7.2	20	1.171
7.4	20	1.145
7.6	20	1.123
7.8	20	1.127
8	20	1.149
8.2	20	1.062
8.4	20	1
8.6	20	1
8.8	20	1.005
9	20	1.07
9.2	20	1.17
9.4	20	1.36
9.6	20	1.053
9.8	20	1
10	20	1
10.2	20	1
10.4	20	1
10.6	20	1
10.8	20	1
11	20	1
11.2	20	1
11.4	20	1
11.6	20	1
11.8	20	1.107
12	20	1
12.2	20	1
12.4	20	1.074
12.6	20	1
12.8	20	1.236
13	20	1.046
13.2	20	1
13.4	20	1
13.6	20	1
13.8	20	1
14	20	1.15
14.2	20	1.245
14.4	20	1.236
14.6	20	1.199
14.8	20	1.361
15	20	1.152
15.2	20	1.329
15.4	20	1.247
15.6	20	1.158
15.8	20	1
16	20	1
16.2	20	1
16.4	20	1
16.6	20	1
16.8	20	1
17	20	1
17.2	20	1
17.4	20	1
17.6	20	1
17.8	20	1.045
18	20	1
18.2	20	1.072
18.4	20	1
18.6	20	1
18.8	20	1
19	20	1
19.2	20	1
19.4	20	1
19.6	20	1
19.8	20	1
20	20	1.104
